RXO2	RT2	AC2	CNL2	DEN2	CAL2	GR2	相对重心	变差方差根	平均中位数	平均斜率	标签
0.342	0.337	0.301	0.217	0.769	0.496	0.156	0.45417965	0.037835086	0.174852941	-0.015457738	5
0.362	0.355	0.335	0.232	0.773	0.571	0.175	0.45417965	0.037835086	0.174852941	-0.015457738	4
0.406	0.399	0.344	0.181	0.759	0.526	0.134	0.45417965	0.037835086	0.174852941	-0.015457738	6
0.416	0.419	0.267	0.148	0.739	0.414	0.151	0.45417965	0.037835086	0.174852941	-0.015457738	6
0.44	0.444	0.241	0.127	0.737	0.388	0.152	0.45417965	0.037835086	0.174852941	-0.015457738	6
0.458	0.462	0.215	0.12	0.75	0.378	0.118	0.45417965	0.037835086	0.174852941	-0.015457738	5
0.454	0.458	0.212	0.115	0.742	0.376	0.112	0.531494999	0.022819527	0.157788462	0.019117949	6
0.406	0.41	0.249	0.116	0.726	0.327	0.15	0.531494999	0.022819527	0.157788462	0.019117949	5
0.391	0.395	0.263	0.117	0.76	0.277	0.149	0.531494999	0.022819527	0.157788462	0.019117949	6
0.401	0.405	0.262	0.118	0.775	0.283	0.147	0.531494999	0.022819527	0.157788462	0.019117949	6
0.434	0.434	0.27	0.132	0.796	0.298	0.164	0.531494999	0.022819527	0.157788462	0.019117949	4
0.434	0.433	0.277	0.137	0.8	0.297	0.165	0.531494999	0.022819527	0.157788462	0.019117949	5
0.423	0.423	0.279	0.136	0.796	0.298	0.16	0.531494999	0.022819527	0.157788462	0.019117949	6
0.398	0.396	0.251	0.137	0.787	0.293	0.158	0.531494999	0.022819527	0.157788462	0.019117949	5
0.384	0.378	0.246	0.127	0.78	0.29	0.164	0.531494999	0.022819527	0.157788462	0.019117949	5
0.36	0.352	0.261	0.116	0.768	0.288	0.17	0.531494999	0.022819527	0.157788462	0.019117949	5
0.347	0.336	0.306	0.122	0.773	0.286	0.183	0.496992669	0.009619422	0.184323529	-0.003313725	5
0.359	0.349	0.299	0.106	0.789	0.284	0.188	0.496992669	0.009619422	0.184323529	-0.003313725	4
0.4	0.393	0.28	0.096	0.795	0.283	0.192	0.496992669	0.009619422	0.184323529	-0.003313725	4
0.438	0.432	0.27	0.099	0.791	0.286	0.185	0.496992669	0.009619422	0.184323529	-0.003313725	5
0.515	0.517	0.24	0.066	0.787	0.288	0.173	0.496992669	0.009619422	0.184323529	-0.003313725	5
0.508	0.515	0.239	0.049	0.784	0.287	0.171	0.496992669	0.009619422	0.184323529	-0.003313725	5
0.48	0.491	0.257	0.044	0.778	0.289	0.172	0.496992669	0.009619422	0.184323529	-0.003313725	5
0.339	0.357	0.317	0.078	0.757	0.285	0.189	0.496992669	0.009619422	0.184323529	-0.003313725	3
0.311	0.326	0.327	0.105	0.744	0.273	0.187	0.5047862	0.026136074	0.226076923	0.008659341	4
0.337	0.348	0.292	0.1	0.735	0.282	0.215	0.5047862	0.026136074	0.226076923	0.008659341	4
0.368	0.375	0.273	0.097	0.739	0.288	0.248	0.5047862	0.026136074	0.226076923	0.008659341	5
0.377	0.383	0.261	0.098	0.748	0.288	0.253	0.5047862	0.026136074	0.226076923	0.008659341	5
0.379	0.385	0.26	0.098	0.757	0.289	0.253	0.5047862	0.026136074	0.226076923	0.008659341	5
0.366	0.377	0.282	0.105	0.766	0.29	0.233	0.5047862	0.026136074	0.226076923	0.008659341	5
0.294	0.322	0.346	0.112	0.771	0.293	0.187	0.495269639	0.01450794	0.1838	-0.002867186	5
0.307	0.343	0.298	0.111	0.769	0.288	0.172	0.495269639	0.01450794	0.1838	-0.002867186	5
0.306	0.346	0.259	0.109	0.755	0.28	0.195	0.495269639	0.01450794	0.1838	-0.002867186	5
0.288	0.333	0.285	0.117	0.739	0.275	0.181	0.495269639	0.01450794	0.1838	-0.002867186	6
0.283	0.329	0.293	0.117	0.732	0.282	0.185	0.495269639	0.01450794	0.1838	-0.002867186	6
0.268	0.314	0.295	0.114	0.717	0.271	0.194	0.495269639	0.01450794	0.1838	-0.002867186	6
0.25	0.293	0.287	0.1	0.742	0.225	0.184	0.495269639	0.01450794	0.1838	-0.002867186	6
0.247	0.288	0.288	0.1	0.751	0.218	0.171	0.495269639	0.01450794	0.1838	-0.002867186	6
0.235	0.274	0.292	0.1	0.775	0.191	0.169	0.495269639	0.01450794	0.1838	-0.002867186	6
0.214	0.252	0.286	0.097	0.798	0.18	0.169	0.495269639	0.01450794	0.1838	-0.002867186	6
0.209	0.247	0.285	0.101	0.802	0.18	0.179	0.495269639	0.01450794	0.1838	-0.002867186	6
0.203	0.241	0.282	0.099	0.807	0.185	0.196	0.495269639	0.01450794	0.1838	-0.002867186	5
0.213	0.249	0.262	0.093	0.791	0.214	0.15	0.496820074	0.016294517	0.158074074	-0.001880342	6
0.216	0.253	0.264	0.099	0.784	0.222	0.142	0.496820074	0.016294517	0.158074074	-0.001880342	5
0.216	0.253	0.268	0.099	0.78	0.223	0.146	0.496820074	0.016294517	0.158074074	-0.001880342	6
0.214	0.25	0.259	0.097	0.784	0.211	0.151	0.496820074	0.016294517	0.158074074	-0.001880342	6
0.212	0.247	0.258	0.099	0.787	0.201	0.156	0.496820074	0.016294517	0.158074074	-0.001880342	6
0.205	0.24	0.28	0.092	0.798	0.177	0.176	0.496820074	0.016294517	0.158074074	-0.001880342	6
0.206	0.24	0.285	0.093	0.802	0.177	0.173	0.496820074	0.016294517	0.158074074	-0.001880342	6
0.218	0.245	0.268	0.104	0.784	0.197	0.16	0.496820074	0.016294517	0.158074074	-0.001880342	6
0.217	0.238	0.271	0.098	0.782	0.198	0.15	0.496820074	0.016294517	0.158074074	-0.001880342	6
0.215	0.235	0.274	0.099	0.789	0.197	0.155	0.496820074	0.016294517	0.158074074	-0.001880342	6
0.209	0.228	0.277	0.103	0.811	0.19	0.161	0.496820074	0.016294517	0.158074074	-0.001880342	6
0.231	0.251	0.277	0.098	0.804	0.181	0.176	0.516317534	0.047080092	0.245456522	0.017438735	1
0.282	0.299	0.229	0.106	0.784	0.242	0.246	0.516317534	0.047080092	0.245456522	0.017438735	5
0.487	0.487	0.167	0.1	0.764	0.308	0.22	0.516317534	0.047080092	0.245456522	0.017438735	7
0.462	0.462	0.172	0.101	0.766	0.325	0.227	0.516317534	0.047080092	0.245456522	0.017438735	6
0.46	0.441	0.2	0.102	0.766	0.313	0.291	0.516317534	0.047080092	0.245456522	0.017438735	4
0.466	0.444	0.202	0.108	0.764	0.305	0.283	0.516317534	0.047080092	0.245456522	0.017438735	4
0.444	0.42	0.221	0.108	0.762	0.301	0.25	0.516317534	0.047080092	0.245456522	0.017438735	4
0.351	0.32	0.263	0.096	0.768	0.31	0.212	0.508196721	0.017730404	0.235807692	0.015384615	4
0.346	0.314	0.269	0.09	0.771	0.318	0.219	0.508196721	0.017730404	0.235807692	0.015384615	5
0.351	0.313	0.275	0.083	0.775	0.332	0.238	0.508196721	0.017730404	0.235807692	0.015384615	4
0.41	0.363	0.258	0.103	0.771	0.33	0.254	0.508196721	0.017730404	0.235807692	0.015384615	5
0.441	0.39	0.255	0.106	0.771	0.326	0.248	0.508196721	0.017730404	0.235807692	0.015384615	6
0.441	0.391	0.252	0.103	0.775	0.325	0.227	0.508196721	0.017730404	0.235807692	0.015384615	6
0.428	0.381	0.222	0.095	0.778	0.326	0.257	0.460919914	0.063536846	0.2705625	-0.067811765	6
0.479	0.438	0.185	0.097	0.78	0.323	0.36	0.460919914	0.063536846	0.2705625	-0.067811765	5
0.569	0.534	0.16	0.098	0.78	0.365	0.281	0.460919914	0.063536846	0.2705625	-0.067811765	6
0.633	0.592	0.151	0.103	0.773	0.595	0.262	0.460919914	0.063536846	0.2705625	-0.067811765	6
0.621	0.567	0.16	0.116	0.755	0.633	0.284	0.460919914	0.063536846	0.2705625	-0.067811765	7
0.535	0.478	0.196	0.145	0.681	0.527	0.225	0.460919914	0.063536846	0.2705625	-0.067811765	6
0.487	0.429	0.224	0.155	0.636	0.516	0.205	0.460919914	0.063536846	0.2705625	-0.067811765	7
0.34	0.29	0.283	0.127	0.55	0.545	0.183	0.541788309	0.073613546	0.293125	0.103300699	7
0.326	0.272	0.292	0.122	0.541	0.547	0.185	0.541788309	0.073613546	0.293125	0.103300699	6
0.323	0.264	0.264	0.124	0.523	0.543	0.243	0.541788309	0.073613546	0.293125	0.103300699	7
0.41	0.338	0.171	0.16	0.515	0.512	0.359	0.541788309	0.073613546	0.293125	0.103300699	7
0.494	0.415	0.123	0.157	0.532	0.471	0.325	0.541788309	0.073613546	0.293125	0.103300699	6
0.524	0.443	0.118	0.155	0.544	0.456	0.311	0.541788309	0.073613546	0.293125	0.103300699	6
0.547	0.468	0.11	0.152	0.564	0.441	0.304	0.541788309	0.073613546	0.293125	0.103300699	7
0.555	0.48	0.096	0.149	0.582	0.434	0.302	0.541788309	0.073613546	0.293125	0.103300699	7
0.555	0.493	0.095	0.13	0.618	0.432	0.311	0.566923939	0.270060298	0.724735294	0.27645098	6
0.521	0.466	0.124	0.126	0.636	0.435	0.488	0.566923939	0.270060298	0.724735294	0.27645098	7
0.502	0.449	0.197	0.126	0.647	0.415	0.761	0.566923939	0.270060298	0.724735294	0.27645098	7
0.301	0.262	0.353	0.216	0.616	0.384	0.174	0.488141881	0.022785012	0.1725	-0.005407302	5
0.353	0.317	0.339	0.184	0.573	0.356	0.184	0.488141881	0.022785012	0.1725	-0.005407302	5
0.358	0.324	0.36	0.179	0.577	0.354	0.168	0.488141881	0.022785012	0.1725	-0.005407302	5
0.362	0.33	0.35	0.174	0.596	0.35	0.136	0.488141881	0.022785012	0.1725	-0.005407302	5
0.351	0.322	0.317	0.156	0.614	0.352	0.158	0.488141881	0.022785012	0.1725	-0.005407302	4
0.339	0.311	0.306	0.146	0.623	0.355	0.179	0.488141881	0.022785012	0.1725	-0.005407302	5
0.338	0.317	0.266	0.149	0.632	0.357	0.183	0.488141881	0.022785012	0.1725	-0.005407302	5
0.413	0.369	0.189	0.165	0.659	0.334	0.129	0.408111534	0.04226993	0.058125	-0.082857143	7
0.447	0.389	0.131	0.165	0.677	0.324	0.1	0.408111534	0.04226993	0.058125	-0.082857143	7
0.57	0.493	0.032	0.161	0.744	0.305	0.042	0.408111534	0.04226993	0.058125	-0.082857143	7
0.55	0.477	0	0.094	0.796	0.301	0.047	0.408111534	0.04226993	0.058125	-0.082857143	7
0.421	0.372	0.028	0.012	0.825	0.312	0.049	0.408111534	0.04226993	0.058125	-0.082857143	7
0.397	0.354	0.088	0.001	0.823	0.319	0.047	0.549740011	0.061381867	0.147647059	0.042764706	5
0.324	0.305	0.226	0.008	0.787	0.332	0.067	0.549740011	0.061381867	0.147647059	0.042764706	5
0.289	0.268	0.271	0.026	0.764	0.334	0.087	0.549740011	0.061381867	0.147647059	0.042764706	5
0.249	0.213	0.39	0.088	0.721	0.336	0.152	0.549740011	0.061381867	0.147647059	0.042764706	5
0.281	0.234	0.377	0.196	0.686	0.34	0.193	0.549740011	0.061381867	0.147647059	0.042764706	5
0.286	0.238	0.366	0.199	0.683	0.34	0.189	0.549740011	0.061381867	0.147647059	0.042764706	5
0.297	0.256	0.405	0.176	0.647	0.328	0.12	0.513872386	0.013931443	0.143133333	0.013342857	5
0.304	0.266	0.404	0.137	0.634	0.329	0.131	0.513872386	0.013931443	0.143133333	0.013342857	5
0.307	0.27	0.396	0.131	0.636	0.333	0.14	0.513872386	0.013931443	0.143133333	0.013342857	5
0.309	0.273	0.38	0.131	0.64	0.337	0.147	0.513872386	0.013931443	0.143133333	0.013342857	5
0.263	0.234	0.417	0.124	0.652	0.333	0.146	0.513872386	0.013931443	0.143133333	0.013342857	4
0.261	0.232	0.417	0.125	0.656	0.331	0.137	0.513872386	0.013931443	0.143133333	0.013342857	4
0.259	0.231	0.413	0.136	0.661	0.338	0.142	0.540978664	0.029829471	0.176333333	0.050485714	3
0.259	0.231	0.399	0.14	0.667	0.348	0.159	0.540978664	0.029829471	0.176333333	0.050485714	4
0.256	0.234	0.386	0.188	0.694	0.334	0.214	0.540978664	0.029829471	0.176333333	0.050485714	5
0.252	0.231	0.385	0.183	0.692	0.337	0.224	0.540978664	0.029829471	0.176333333	0.050485714	5
0.246	0.225	0.38	0.175	0.694	0.341	0.244	0.512702079	0.026262701	0.2614	0.0352	5
0.24	0.22	0.38	0.173	0.703	0.344	0.27	0.512702079	0.026262701	0.2614	0.0352	4
0.246	0.222	0.384	0.223	0.712	0.341	0.27	0.512702079	0.026262701	0.2614	0.0352	4
0.242	0.219	0.395	0.211	0.708	0.344	0.224	0.510576426	0.0221671	0.221568966	0.008055172	4
0.24	0.217	0.398	0.207	0.706	0.347	0.21	0.510576426	0.0221671	0.221568966	0.008055172	3
0.243	0.221	0.394	0.231	0.697	0.351	0.196	0.510576426	0.0221671	0.221568966	0.008055172	4
0.255	0.231	0.39	0.236	0.681	0.348	0.223	0.510576426	0.0221671	0.221568966	0.008055172	4
0.259	0.235	0.385	0.226	0.676	0.347	0.236	0.510576426	0.0221671	0.221568966	0.008055172	4
0.266	0.242	0.379	0.214	0.686	0.348	0.228	0.510576426	0.0221671	0.221568966	0.008055172	4
0.267	0.242	0.378	0.209	0.701	0.345	0.203	0.510576426	0.0221671	0.221568966	0.008055172	4
0.262	0.236	0.375	0.199	0.706	0.344	0.202	0.510576426	0.0221671	0.221568966	0.008055172	6
0.254	0.23	0.374	0.198	0.699	0.344	0.231	0.510576426	0.0221671	0.221568966	0.008055172	3
0.254	0.233	0.375	0.193	0.695	0.334	0.216	0.510576426	0.0221671	0.221568966	0.008055172	5
0.27	0.249	0.347	0.2	0.688	0.332	0.219	0.510576426	0.0221671	0.221568966	0.008055172	3
0.275	0.254	0.355	0.193	0.701	0.338	0.225	0.510576426	0.0221671	0.221568966	0.008055172	4
0.264	0.244	0.386	0.198	0.719	0.343	0.247	0.510576426	0.0221671	0.221568966	0.008055172	5
0.247	0.227	0.385	0.211	0.73	0.341	0.257	0.510576426	0.0221671	0.221568966	0.008055172	3
0.255	0.234	0.347	0.216	0.732	0.335	0.218	0.510576426	0.0221671	0.221568966	0.008055172	5
0.284	0.261	0.287	0.205	0.724	0.334	0.214	0.502216749	0.024366025	0.2	0.001576355	5
0.299	0.275	0.282	0.189	0.715	0.336	0.196	0.502216749	0.024366025	0.2	0.001576355	4
0.299	0.273	0.323	0.19	0.694	0.335	0.171	0.502216749	0.024366025	0.2	0.001576355	5
0.28	0.256	0.37	0.195	0.67	0.343	0.2	0.502216749	0.024366025	0.2	0.001576355	6
0.264	0.239	0.379	0.182	0.665	0.345	0.21	0.502216749	0.024366025	0.2	0.001576355	6
0.264	0.236	0.38	0.2	0.665	0.336	0.2	0.502216749	0.024366025	0.2	0.001576355	5
0.272	0.243	0.377	0.21	0.65	0.334	0.192	0.502216749	0.024366025	0.2	0.001576355	5
0.273	0.245	0.378	0.2	0.64	0.337	0.197	0.502216749	0.024366025	0.2	0.001576355	5
0.256	0.229	0.374	0.175	0.643	0.347	0.207	0.502216749	0.024366025	0.2	0.001576355	5
0.251	0.225	0.368	0.168	0.638	0.348	0.187	0.502216749	0.024366025	0.2	0.001576355	5
0.25	0.224	0.35	0.179	0.627	0.345	0.178	0.502216749	0.024366025	0.2	0.001576355	5
0.245	0.221	0.354	0.183	0.638	0.346	0.224	0.502216749	0.024366025	0.2	0.001576355	5
0.231	0.211	0.373	0.174	0.663	0.352	0.222	0.502216749	0.024366025	0.2	0.001576355	7
0.238	0.219	0.381	0.183	0.667	0.352	0.184	0.502216749	0.024366025	0.2	0.001576355	5
0.288	0.266	0.32	0.194	0.659	0.341	0.205	0.498880597	0.011198721	0.207076923	-0.001846154	5
0.31	0.286	0.292	0.191	0.661	0.336	0.217	0.498880597	0.011198721	0.207076923	-0.001846154	5
0.322	0.298	0.261	0.181	0.672	0.334	0.215	0.498880597	0.011198721	0.207076923	-0.001846154	5
0.32	0.298	0.207	0.156	0.714	0.333	0.208	0.498880597	0.011198721	0.207076923	-0.001846154	5
0.277	0.259	0.319	0.143	0.766	0.343	0.209	0.498880597	0.011198721	0.207076923	-0.001846154	6
0.256	0.239	0.36	0.133	0.753	0.346	0.203	0.498880597	0.011198721	0.207076923	-0.001846154	5
0.243	0.226	0.372	0.135	0.723	0.343	0.199	0.498880597	0.011198721	0.207076923	-0.001846154	5
0.234	0.216	0.372	0.168	0.717	0.34	0.218	0.49117225	0.038118813	0.2223125	-0.026952381	4
0.235	0.215	0.363	0.204	0.717	0.33	0.251	0.49117225	0.038118813	0.2223125	-0.026952381	5
0.236	0.216	0.36	0.208	0.719	0.331	0.226	0.49117225	0.038118813	0.2223125	-0.026952381	5
0.236	0.215	0.361	0.199	0.726	0.329	0.184	0.49117225	0.038118813	0.2223125	-0.026952381	5
0.235	0.214	0.375	0.182	0.726	0.319	0.188	0.510147467	0.022181237	0.195842857	0.005606723	5
0.236	0.215	0.394	0.186	0.706	0.329	0.203	0.510147467	0.022181237	0.195842857	0.005606723	5
0.236	0.216	0.4	0.203	0.679	0.332	0.21	0.510147467	0.022181237	0.195842857	0.005606723	5
0.235	0.216	0.399	0.205	0.674	0.329	0.214	0.510147467	0.022181237	0.195842857	0.005606723	5
0.232	0.213	0.387	0.216	0.67	0.327	0.202	0.510147467	0.022181237	0.195842857	0.005606723	5
0.234	0.214	0.382	0.218	0.654	0.346	0.164	0.510147467	0.022181237	0.195842857	0.005606723	5
0.235	0.214	0.388	0.207	0.647	0.347	0.158	0.510147467	0.022181237	0.195842857	0.005606723	5
0.235	0.214	0.397	0.185	0.641	0.342	0.159	0.510147467	0.022181237	0.195842857	0.005606723	6
0.227	0.208	0.361	0.164	0.645	0.369	0.193	0.510147467	0.022181237	0.195842857	0.005606723	6
0.227	0.208	0.354	0.162	0.641	0.382	0.191	0.510147467	0.022181237	0.195842857	0.005606723	6
0.209	0.19	0.422	0.21	0.564	0.404	0.184	0.510147467	0.022181237	0.195842857	0.005606723	5
0.198	0.179	0.429	0.194	0.548	0.439	0.199	0.510147467	0.022181237	0.195842857	0.005606723	5
0.197	0.177	0.421	0.192	0.535	0.442	0.206	0.510147467	0.022181237	0.195842857	0.005606723	5
0.207	0.183	0.384	0.189	0.505	0.408	0.224	0.510147467	0.022181237	0.195842857	0.005606723	6
0.216	0.192	0.355	0.201	0.562	0.379	0.224	0.510147467	0.022181237	0.195842857	0.005606723	5
0.214	0.191	0.358	0.203	0.58	0.375	0.204	0.493838722	0.01665111	0.167533333	-0.007142857	5
0.211	0.187	0.373	0.195	0.602	0.368	0.166	0.493838722	0.01665111	0.167533333	-0.007142857	6
0.214	0.188	0.37	0.173	0.611	0.36	0.17	0.493838722	0.01665111	0.167533333	-0.007142857	7
0.21	0.174	0.403	0.168	0.643	0.349	0.173	0.493838722	0.01665111	0.167533333	-0.007142857	5
0.214	0.175	0.392	0.196	0.636	0.345	0.173	0.493838722	0.01665111	0.167533333	-0.007142857	5
0.221	0.181	0.372	0.184	0.627	0.34	0.151	0.521882742	0.03149406	0.131538462	0.023296703	7
0.239	0.198	0.328	0.161	0.618	0.334	0.118	0.521882742	0.03149406	0.131538462	0.023296703	6
0.269	0.226	0.301	0.149	0.632	0.33	0.109	0.521882742	0.03149406	0.131538462	0.023296703	6
0.38	0.327	0.243	0.13	0.733	0.331	0.123	0.521882742	0.03149406	0.131538462	0.023296703	7
0.428	0.427	0.208	0.186	0.406	0.184	0.296	0.524234423	0.075676609	0.373038462	0.070197802	7
0.449	0.451	0.19	0.187	0.424	0.174	0.352	0.524234423	0.075676609	0.373038462	0.070197802	7
0.457	0.461	0.17	0.185	0.433	0.171	0.367	0.524234423	0.075676609	0.373038462	0.070197802	7
0.469	0.478	0.17	0.177	0.449	0.169	0.381	0.524234423	0.075676609	0.373038462	0.070197802	7
0.474	0.486	0.151	0.171	0.453	0.166	0.384	0.524234423	0.075676609	0.373038462	0.070197802	7
0.484	0.502	0.135	0.16	0.449	0.159	0.387	0.524234423	0.075676609	0.373038462	0.070197802	7
0.501	0.521	0.129	0.147	0.439	0.148	0.394	0.524234423	0.075676609	0.373038462	0.070197802	7
0.513	0.534	0.134	0.139	0.435	0.141	0.399	0.524234423	0.075676609	0.373038462	0.070197802	7
0.541	0.562	0.149	0.128	0.444	0.125	0.415	0.524234423	0.075676609	0.373038462	0.070197802	7
0.582	0.607	0.187	0.113	0.456	0.101	0.316	0.524234423	0.075676609	0.373038462	0.070197802	5
0.545	0.566	0.206	0.105	0.421	0.089	0.231	0.334181637	0.089840994	0.086964286	-0.116852747	5
0.51	0.528	0.225	0.102	0.408	0.088	0.203	0.334181637	0.089840994	0.086964286	-0.116852747	4
0.422	0.434	0.225	0.094	0.421	0.101	0.182	0.334181637	0.089840994	0.086964286	-0.116852747	4
0.349	0.36	0.243	0.08	0.496	0.154	0.158	0.334181637	0.089840994	0.086964286	-0.116852747	4
0.346	0.358	0.237	0.082	0.531	0.187	0.095	0.334181637	0.089840994	0.086964286	-0.116852747	4
0.349	0.361	0.228	0.086	0.537	0.201	0.056	0.334181637	0.089840994	0.086964286	-0.116852747	6
0.363	0.375	0.221	0.096	0.531	0.219	0.005	0.334181637	0.089840994	0.086964286	-0.116852747	6
0.392	0.405	0.221	0.103	0.517	0.204	0	0.334181637	0.089840994	0.086964286	-0.116852747	6
0.41	0.425	0.219	0.107	0.51	0.177	0.006	0.334181637	0.089840994	0.086964286	-0.116852747	5
0.445	0.463	0.222	0.118	0.503	0.102	0.02	0.334181637	0.089840994	0.086964286	-0.116852747	5
0.465	0.489	0.229	0.127	0.506	0.094	0.043	0.334181637	0.089840994	0.086964286	-0.116852747	5
0.469	0.496	0.235	0.128	0.51	0.096	0.062	0.334181637	0.089840994	0.086964286	-0.116852747	5
0.468	0.5	0.235	0.124	0.512	0.098	0.102	0.334181637	0.089840994	0.086964286	-0.116852747	5
0.449	0.484	0.24	0.117	0.508	0.095	0.121	0.459992449	0.031275294	0.066022727	-0.012444946	5
0.433	0.468	0.244	0.116	0.504	0.127	0.116	0.459992449	0.031275294	0.066022727	-0.012444946	5
0.4	0.43	0.249	0.12	0.497	0.19	0.084	0.459992449	0.031275294	0.066022727	-0.012444946	4
0.388	0.416	0.258	0.124	0.492	0.21	0.071	0.459992449	0.031275294	0.066022727	-0.012444946	4
0.384	0.408	0.267	0.134	0.481	0.224	0.069	0.459992449	0.031275294	0.066022727	-0.012444946	4
0.396	0.42	0.267	0.14	0.474	0.225	0.079	0.459992449	0.031275294	0.066022727	-0.012444946	5
0.401	0.425	0.273	0.14	0.474	0.225	0.08	0.459992449	0.031275294	0.066022727	-0.012444946	5
0.398	0.423	0.273	0.138	0.478	0.225	0.072	0.459992449	0.031275294	0.066022727	-0.012444946	4
0.376	0.402	0.268	0.136	0.478	0.225	0.063	0.459992449	0.031275294	0.066022727	-0.012444946	4
0.363	0.389	0.261	0.136	0.476	0.225	0.058	0.459992449	0.031275294	0.066022727	-0.012444946	4
0.341	0.368	0.261	0.136	0.472	0.225	0.048	0.459992449	0.031275294	0.066022727	-0.012444946	5
0.334	0.361	0.254	0.131	0.467	0.225	0.04	0.459992449	0.031275294	0.066022727	-0.012444946	5
0.335	0.364	0.249	0.127	0.465	0.225	0.039	0.459992449	0.031275294	0.066022727	-0.012444946	5
0.346	0.38	0.243	0.119	0.463	0.225	0.042	0.459992449	0.031275294	0.066022727	-0.012444946	5
0.36	0.398	0.236	0.111	0.469	0.225	0.053	0.459992449	0.031275294	0.066022727	-0.012444946	5
0.364	0.403	0.228	0.108	0.476	0.226	0.061	0.459992449	0.031275294	0.066022727	-0.012444946	5
0.363	0.403	0.228	0.104	0.496	0.236	0.065	0.459992449	0.031275294	0.066022727	-0.012444946	4
0.359	0.399	0.224	0.106	0.503	0.236	0.058	0.459992449	0.031275294	0.066022727	-0.012444946	4
0.351	0.392	0.225	0.115	0.512	0.241	0.041	0.459992449	0.031275294	0.066022727	-0.012444946	5
0.354	0.396	0.231	0.125	0.508	0.246	0.05	0.459992449	0.031275294	0.066022727	-0.012444946	5
0.361	0.404	0.241	0.129	0.504	0.246	0.069	0.459992449	0.031275294	0.066022727	-0.012444946	5
0.383	0.427	0.251	0.127	0.494	0.248	0.118	0.459992449	0.031275294	0.066022727	-0.012444946	5
0.404	0.45	0.266	0.103	0.467	0.262	0.147	0.458922331	0.03479501	0.111555556	-0.026006192	6
0.37	0.413	0.277	0.107	0.447	0.274	0.098	0.458922331	0.03479501	0.111555556	-0.026006192	5
0.36	0.401	0.279	0.106	0.442	0.274	0.096	0.458922331	0.03479501	0.111555556	-0.026006192	5
0.358	0.398	0.273	0.107	0.442	0.274	0.097	0.458922331	0.03479501	0.111555556	-0.026006192	5
0.36	0.398	0.261	0.107	0.453	0.273	0.105	0.458922331	0.03479501	0.111555556	-0.026006192	5
0.363	0.399	0.243	0.103	0.46	0.272	0.114	0.458922331	0.03479501	0.111555556	-0.026006192	5
0.365	0.4	0.225	0.089	0.471	0.275	0.131	0.458922331	0.03479501	0.111555556	-0.026006192	5
0.36	0.393	0.225	0.083	0.478	0.273	0.134	0.458922331	0.03479501	0.111555556	-0.026006192	5
0.355	0.386	0.211	0.085	0.48	0.273	0.129	0.458922331	0.03479501	0.111555556	-0.026006192	5
0.342	0.372	0.203	0.096	0.478	0.272	0.106	0.458922331	0.03479501	0.111555556	-0.026006192	5
0.337	0.366	0.201	0.104	0.472	0.271	0.074	0.458922331	0.03479501	0.111555556	-0.026006192	5
0.338	0.368	0.2	0.106	0.472	0.271	0.063	0.458922331	0.03479501	0.111555556	-0.026006192	5
0.349	0.379	0.2	0.109	0.474	0.27	0.071	0.458922331	0.03479501	0.111555556	-0.026006192	5
0.368	0.399	0.199	0.108	0.483	0.27	0.11	0.458922331	0.03479501	0.111555556	-0.026006192	5
0.381	0.413	0.198	0.104	0.488	0.27	0.134	0.43391879	0.045125393	0.129192308	-0.066813187	5
0.412	0.445	0.202	0.088	0.497	0.27	0.17	0.43391879	0.045125393	0.129192308	-0.066813187	5
0.427	0.461	0.208	0.08	0.501	0.27	0.177	0.43391879	0.045125393	0.129192308	-0.066813187	5
0.449	0.483	0.216	0.073	0.501	0.27	0.167	0.43391879	0.045125393	0.129192308	-0.066813187	5
0.462	0.496	0.216	0.081	0.496	0.27	0.141	0.43391879	0.045125393	0.129192308	-0.066813187	5
0.464	0.498	0.221	0.088	0.49	0.27	0.132	0.43391879	0.045125393	0.129192308	-0.066813187	5
0.462	0.494	0.226	0.101	0.48	0.269	0.127	0.43391879	0.045125393	0.129192308	-0.066813187	5
0.449	0.479	0.231	0.106	0.476	0.269	0.132	0.43391879	0.045125393	0.129192308	-0.066813187	5
0.442	0.47	0.236	0.103	0.476	0.269	0.134	0.43391879	0.045125393	0.129192308	-0.066813187	5
0.431	0.457	0.236	0.091	0.48	0.269	0.123	0.43391879	0.045125393	0.129192308	-0.066813187	5
0.426	0.449	0.239	0.076	0.487	0.269	0.089	0.43391879	0.045125393	0.129192308	-0.066813187	5
0.424	0.445	0.238	0.072	0.492	0.269	0.07	0.43391879	0.045125393	0.129192308	-0.066813187	5
0.42	0.439	0.228	0.072	0.503	0.271	0.047	0.43391879	0.045125393	0.129192308	-0.066813187	5
0.414	0.431	0.208	0.082	0.517	0.272	0.058	0.46510223	0.035163806	0.095333333	-0.021457143	5
0.409	0.425	0.181	0.089	0.52	0.272	0.072	0.46510223	0.035163806	0.095333333	-0.021457143	5
0.397	0.412	0.181	0.101	0.528	0.273	0.101	0.46510223	0.035163806	0.095333333	-0.021457143	6
0.463	0.481	0.109	0.057	0.542	0.273	0.123	0.46510223	0.035163806	0.095333333	-0.021457143	7
0.493	0.512	0.109	0.05	0.538	0.272	0.119	0.46510223	0.035163806	0.095333333	-0.021457143	7
0.508	0.528	0.093	0.05	0.538	0.272	0.111	0.46510223	0.035163806	0.095333333	-0.021457143	7
0.541	0.561	0.08	0.048	0.537	0.272	0.09	0.46510223	0.035163806	0.095333333	-0.021457143	5
0.571	0.592	0.079	0.045	0.544	0.272	0.068	0.46510223	0.035163806	0.095333333	-0.021457143	5
0.583	0.605	0.093	0.045	0.553	0.272	0.057	0.46510223	0.035163806	0.095333333	-0.021457143	5
0.605	0.626	0.093	0.046	0.583	0.272	0.042	0.46510223	0.035163806	0.095333333	-0.021457143	5
0.614	0.634	0.118	0.046	0.601	0.272	0.044	0.46510223	0.035163806	0.095333333	-0.021457143	5
0.625	0.644	0.147	0.05	0.626	0.273	0.079	0.509620087	0.137710048	0.266921053	0.014357895	5
0.612	0.63	0.171	0.066	0.619	0.273	0.163	0.509620087	0.137710048	0.266921053	0.014357895	5
0.593	0.608	0.186	0.083	0.602	0.274	0.222	0.509620087	0.137710048	0.266921053	0.014357895	5
0.528	0.538	0.194	0.125	0.554	0.275	0.357	0.509620087	0.137710048	0.266921053	0.014357895	5
0.452	0.452	0.194	0.149	0.512	0.277	0.449	0.509620087	0.137710048	0.266921053	0.014357895	5
0.421	0.417	0.198	0.144	0.499	0.277	0.452	0.509620087	0.137710048	0.266921053	0.014357895	5
0.387	0.377	0.198	0.117	0.497	0.277	0.372	0.509620087	0.137710048	0.266921053	0.014357895	5
0.38	0.367	0.191	0.104	0.519	0.275	0.254	0.509620087	0.137710048	0.266921053	0.014357895	6
0.384	0.37	0.178	0.11	0.533	0.275	0.214	0.509620087	0.137710048	0.266921053	0.014357895	6
0.4	0.384	0.178	0.149	0.558	0.275	0.19	0.509620087	0.137710048	0.266921053	0.014357895	5
0.414	0.398	0.161	0.182	0.569	0.275	0.22	0.509620087	0.137710048	0.266921053	0.014357895	5
0.417	0.401	0.145	0.179	0.563	0.276	0.245	0.509620087	0.137710048	0.266921053	0.014357895	5
0.419	0.403	0.132	0.146	0.538	0.276	0.313	0.509620087	0.137710048	0.266921053	0.014357895	6
0.419	0.404	0.123	0.128	0.524	0.276	0.35	0.509620087	0.137710048	0.266921053	0.014357895	6
0.427	0.413	0.118	0.107	0.512	0.273	0.387	0.509620087	0.137710048	0.266921053	0.014357895	6
0.453	0.442	0.118	0.103	0.515	0.269	0.336	0.509620087	0.137710048	0.266921053	0.014357895	6
0.473	0.464	0.115	0.105	0.517	0.268	0.291	0.509620087	0.137710048	0.266921053	0.014357895	6
0.518	0.514	0.117	0.104	0.51	0.266	0.219	0.509620087	0.137710048	0.266921053	0.014357895	6
0.549	0.552	0.12	0.089	0.501	0.263	0.204	0.509620087	0.137710048	0.266921053	0.014357895	6
0.556	0.562	0.123	0.077	0.503	0.261	0.213	0.455665025	0.079463723	0.213	-0.1728	7
0.555	0.566	0.123	0.054	0.508	0.258	0.244	0.455665025	0.079463723	0.213	-0.1728	7
0.548	0.56	0.122	0.039	0.515	0.263	0.253	0.455665025	0.079463723	0.213	-0.1728	7
0.548	0.559	0.117	0.035	0.515	0.269	0.233	0.455665025	0.079463723	0.213	-0.1728	6
0.56	0.569	0.11	0.034	0.512	0.279	0.157	0.455665025	0.079463723	0.213	-0.1728	6
0.571	0.58	0.107	0.036	0.51	0.281	0.118	0.455665025	0.079463723	0.213	-0.1728	6
0.593	0.603	0.112	0.048	0.519	0.283	0.083	0.519448148	0.019228113	0.112041667	0.018769231	6
0.61	0.622	0.112	0.073	0.54	0.283	0.096	0.519448148	0.019228113	0.112041667	0.018769231	5
0.618	0.632	0.13	0.091	0.551	0.283	0.104	0.519448148	0.019228113	0.112041667	0.018769231	5
0.638	0.657	0.155	0.12	0.556	0.283	0.113	0.519448148	0.019228113	0.112041667	0.018769231	5
0.658	0.681	0.183	0.123	0.54	0.283	0.118	0.519448148	0.019228113	0.112041667	0.018769231	5
0.663	0.687	0.206	0.118	0.528	0.284	0.122	0.519448148	0.019228113	0.112041667	0.018769231	5
0.655	0.678	0.206	0.107	0.501	0.285	0.12	0.519448148	0.019228113	0.112041667	0.018769231	5
0.608	0.626	0.221	0.1	0.478	0.286	0.103	0.519448148	0.019228113	0.112041667	0.018769231	5
0.569	0.583	0.227	0.097	0.467	0.286	0.102	0.519448148	0.019228113	0.112041667	0.018769231	6
0.479	0.485	0.228	0.092	0.455	0.285	0.122	0.519448148	0.019228113	0.112041667	0.018769231	6
0.383	0.377	0.219	0.077	0.447	0.285	0.064	0.588158456	0.056895885	0.122294118	0.064843137	5
0.382	0.373	0.212	0.074	0.455	0.285	0.046	0.588158456	0.056895885	0.122294118	0.064843137	5
0.393	0.382	0.209	0.073	0.471	0.284	0.051	0.588158456	0.056895885	0.122294118	0.064843137	5
0.41	0.399	0.208	0.074	0.48	0.284	0.098	0.588158456	0.056895885	0.122294118	0.064843137	6
0.417	0.407	0.207	0.077	0.481	0.284	0.122	0.588158456	0.056895885	0.122294118	0.064843137	6
0.431	0.425	0.205	0.086	0.481	0.284	0.144	0.588158456	0.056895885	0.122294118	0.064843137	6
0.444	0.445	0.205	0.088	0.48	0.284	0.131	0.588158456	0.056895885	0.122294118	0.064843137	6
0.449	0.452	0.205	0.084	0.48	0.285	0.12	0.588158456	0.056895885	0.122294118	0.064843137	6
0.452	0.46	0.207	0.07	0.474	0.286	0.098	0.588158456	0.056895885	0.122294118	0.064843137	6
0.455	0.466	0.21	0.066	0.472	0.286	0.086	0.588158456	0.056895885	0.122294118	0.064843137	6
0.459	0.47	0.212	0.07	0.474	0.287	0.091	0.588158456	0.056895885	0.122294118	0.064843137	6
0.469	0.48	0.212	0.081	0.483	0.287	0.124	0.588158456	0.056895885	0.122294118	0.064843137	6
0.479	0.491	0.209	0.085	0.485	0.287	0.155	0.588158456	0.056895885	0.122294118	0.064843137	5
0.485	0.497	0.205	0.087	0.481	0.287	0.163	0.588158456	0.056895885	0.122294118	0.064843137	7
0.496	0.508	0.203	0.098	0.46	0.287	0.183	0.588158456	0.056895885	0.122294118	0.064843137	7
0.502	0.513	0.207	0.106	0.447	0.287	0.198	0.588158456	0.056895885	0.122294118	0.064843137	7
0.511	0.521	0.218	0.112	0.439	0.287	0.21	0.588158456	0.056895885	0.122294118	0.064843137	6
0.511	0.518	0.218	0.106	0.456	0.287	0.174	0.408492429	0.041998075	0.11025	-0.050165414	6
0.507	0.513	0.229	0.102	0.469	0.287	0.151	0.408492429	0.041998075	0.11025	-0.050165414	6
0.494	0.499	0.237	0.092	0.488	0.288	0.135	0.408492429	0.041998075	0.11025	-0.050165414	6
0.475	0.478	0.238	0.079	0.487	0.289	0.152	0.408492429	0.041998075	0.11025	-0.050165414	7
0.462	0.464	0.234	0.074	0.481	0.289	0.157	0.408492429	0.041998075	0.11025	-0.050165414	7
0.43	0.43	0.234	0.068	0.469	0.288	0.147	0.408492429	0.041998075	0.11025	-0.050165414	6
0.406	0.406	0.231	0.069	0.462	0.287	0.137	0.408492429	0.041998075	0.11025	-0.050165414	6
0.402	0.402	0.234	0.073	0.46	0.287	0.136	0.408492429	0.041998075	0.11025	-0.050165414	6
0.402	0.404	0.244	0.085	0.463	0.289	0.134	0.408492429	0.041998075	0.11025	-0.050165414	6
0.404	0.407	0.256	0.092	0.467	0.29	0.126	0.408492429	0.041998075	0.11025	-0.050165414	6
0.402	0.409	0.266	0.103	0.469	0.291	0.098	0.408492429	0.041998075	0.11025	-0.050165414	5
0.389	0.399	0.266	0.104	0.465	0.288	0.077	0.408492429	0.041998075	0.11025	-0.050165414	5
0.379	0.39	0.272	0.101	0.465	0.286	0.073	0.408492429	0.041998075	0.11025	-0.050165414	6
0.355	0.366	0.273	0.094	0.474	0.284	0.068	0.408492429	0.041998075	0.11025	-0.050165414	6
0.332	0.339	0.269	0.095	0.496	0.284	0.069	0.408492429	0.041998075	0.11025	-0.050165414	5
0.322	0.327	0.261	0.1	0.504	0.284	0.071	0.408492429	0.041998075	0.11025	-0.050165414	5
0.311	0.314	0.261	0.113	0.517	0.284	0.079	0.408492429	0.041998075	0.11025	-0.050165414	5
0.317	0.32	0.25	0.117	0.513	0.285	0.067	0.408492429	0.041998075	0.11025	-0.050165414	5
0.325	0.327	0.238	0.115	0.508	0.286	0.057	0.408492429	0.041998075	0.11025	-0.050165414	5
0.342	0.346	0.227	0.109	0.504	0.286	0.062	0.408492429	0.041998075	0.11025	-0.050165414	6
0.362	0.369	0.215	0.107	0.513	0.286	0.111	0.554256759	0.05369903	0.180823529	0.058156863	6
0.372	0.381	0.205	0.108	0.52	0.286	0.143	0.554256759	0.05369903	0.180823529	0.058156863	6
0.388	0.402	0.205	0.11	0.535	0.285	0.184	0.554256759	0.05369903	0.180823529	0.058156863	6
0.393	0.409	0.199	0.109	0.54	0.285	0.183	0.554256759	0.05369903	0.180823529	0.058156863	6
0.4	0.421	0.199	0.102	0.545	0.284	0.16	0.554256759	0.05369903	0.180823529	0.058156863	6
0.411	0.437	0.205	0.099	0.545	0.284	0.136	0.554256759	0.05369903	0.180823529	0.058156863	6
0.419	0.448	0.215	0.103	0.544	0.284	0.132	0.554256759	0.05369903	0.180823529	0.058156863	6
0.437	0.471	0.225	0.119	0.54	0.285	0.137	0.554256759	0.05369903	0.180823529	0.058156863	5
0.451	0.488	0.242	0.139	0.52	0.286	0.184	0.554256759	0.05369903	0.180823529	0.058156863	4
0.435	0.468	0.245	0.154	0.501	0.286	0.199	0.554256759	0.05369903	0.180823529	0.058156863	5
0.421	0.453	0.244	0.156	0.492	0.286	0.199	0.554256759	0.05369903	0.180823529	0.058156863	5
0.389	0.418	0.244	0.135	0.49	0.286	0.207	0.554256759	0.05369903	0.180823529	0.058156863	6
0.375	0.403	0.242	0.117	0.496	0.286	0.223	0.554256759	0.05369903	0.180823529	0.058156863	6
0.355	0.382	0.239	0.09	0.51	0.287	0.263	0.554256759	0.05369903	0.180823529	0.058156863	5
0.344	0.369	0.236	0.079	0.517	0.289	0.274	0.554256759	0.05369903	0.180823529	0.058156863	5
0.343	0.366	0.233	0.077	0.517	0.29	0.27	0.460240165	0.053149375	0.192617647	-0.044666667	5
0.349	0.37	0.231	0.074	0.515	0.289	0.255	0.460240165	0.053149375	0.192617647	-0.044666667	5
0.365	0.385	0.231	0.073	0.513	0.287	0.235	0.460240165	0.053149375	0.192617647	-0.044666667	6
0.375	0.395	0.23	0.073	0.513	0.286	0.216	0.460240165	0.053149375	0.192617647	-0.044666667	6
0.399	0.42	0.226	0.072	0.524	0.285	0.168	0.460240165	0.053149375	0.192617647	-0.044666667	6
0.422	0.446	0.222	0.071	0.544	0.285	0.14	0.460240165	0.053149375	0.192617647	-0.044666667	6
0.431	0.457	0.221	0.07	0.553	0.285	0.141	0.460240165	0.053149375	0.192617647	-0.044666667	5
0.443	0.472	0.221	0.069	0.556	0.285	0.169	0.460240165	0.053149375	0.192617647	-0.044666667	5
0.449	0.48	0.226	0.075	0.535	0.286	0.2	0.460240165	0.053149375	0.192617647	-0.044666667	6
0.45	0.482	0.233	0.081	0.52	0.286	0.205	0.460240165	0.053149375	0.192617647	-0.044666667	6
0.446	0.482	0.242	0.091	0.499	0.286	0.204	0.460240165	0.053149375	0.192617647	-0.044666667	5
0.439	0.476	0.245	0.094	0.494	0.286	0.203	0.460240165	0.053149375	0.192617647	-0.044666667	5
0.418	0.454	0.248	0.098	0.494	0.287	0.198	0.460240165	0.053149375	0.192617647	-0.044666667	5
0.394	0.428	0.248	0.096	0.504	0.289	0.173	0.460240165	0.053149375	0.192617647	-0.044666667	5
0.384	0.417	0.249	0.093	0.512	0.29	0.152	0.460240165	0.053149375	0.192617647	-0.044666667	6
0.37	0.397	0.249	0.087	0.52	0.29	0.123	0.460240165	0.053149375	0.192617647	-0.044666667	6
0.359	0.379	0.25	0.089	0.517	0.29	0.131	0.460240165	0.053149375	0.192617647	-0.044666667	6
0.356	0.373	0.254	0.094	0.51	0.29	0.135	0.55111673	0.039377912	0.173	0.063982418	6
0.356	0.369	0.254	0.106	0.499	0.29	0.124	0.55111673	0.039377912	0.173	0.063982418	6
0.359	0.371	0.26	0.116	0.494	0.289	0.112	0.55111673	0.039377912	0.173	0.063982418	6
0.361	0.373	0.266	0.119	0.497	0.289	0.12	0.55111673	0.039377912	0.173	0.063982418	6
0.363	0.375	0.27	0.119	0.51	0.291	0.15	0.55111673	0.039377912	0.173	0.063982418	6
0.363	0.375	0.271	0.118	0.519	0.292	0.159	0.55111673	0.039377912	0.173	0.063982418	6
0.362	0.374	0.269	0.116	0.533	0.295	0.169	0.55111673	0.039377912	0.173	0.063982418	6
0.359	0.371	0.269	0.113	0.531	0.297	0.184	0.55111673	0.039377912	0.173	0.063982418	6
0.59	0.586	0.153	0.068	0.494	0.22	0.067	0.537073267	0.015077732	0.0702	0.008701224	2
0.563	0.569	0.181	0.065	0.506	0.286	0.071	0.537073267	0.015077732	0.0702	0.008701224	2
0.544	0.556	0.186	0.065	0.525	0.278	0.064	0.537073267	0.015077732	0.0702	0.008701224	2
0.534	0.554	0.176	0.077	0.557	0.142	0.078	0.537073267	0.015077732	0.0702	0.008701224	2
0.534	0.557	0.16	0.113	0.541	0.031	0.065	0.537073267	0.015077732	0.0702	0.008701224	2
0.535	0.558	0.154	0.119	0.551	0.04	0.067	0.537073267	0.015077732	0.0702	0.008701224	2
0.54	0.566	0.155	0.104	0.567	0.066	0.067	0.537073267	0.015077732	0.0702	0.008701224	2
0.542	0.573	0.165	0.1	0.554	0.088	0.075	0.537073267	0.015077732	0.0702	0.008701224	2
0.538	0.578	0.169	0.118	0.529	0.078	0.086	0.537073267	0.015077732	0.0702	0.008701224	2
0.535	0.578	0.173	0.116	0.525	0.068	0.079	0.537073267	0.015077732	0.0702	0.008701224	2
0.521	0.569	0.182	0.108	0.519	0.023	0.067	0.537073267	0.015077732	0.0702	0.008701224	3
0.518	0.562	0.188	0.117	0.525	0.01	0.084	0.537073267	0.015077732	0.0702	0.008701224	2
0.523	0.56	0.216	0.111	0.525	0.007	0.094	0.537073267	0.015077732	0.0702	0.008701224	2
0.539	0.565	0.227	0.085	0.455	0.009	0.085	0.482269872	0.012343833	0.06915625	-0.008035294	2
0.567	0.58	0.213	0.082	0.401	0.01	0.078	0.482269872	0.012343833	0.06915625	-0.008035294	3
0.624	0.605	0.215	0.05	0.382	0.059	0.069	0.482269872	0.012343833	0.06915625	-0.008035294	2
0.649	0.599	0.245	0.038	0.315	0.106	0.058	0.482269872	0.012343833	0.06915625	-0.008035294	2
0.63	0.582	0.24	0.031	0.306	0.117	0.063	0.482269872	0.012343833	0.06915625	-0.008035294	1
0.625	0.577	0.213	0.032	0.312	0.128	0.065	0.482269872	0.012343833	0.06915625	-0.008035294	2
0.619	0.574	0.189	0.046	0.373	0.163	0.066	0.482269872	0.012343833	0.06915625	-0.008035294	2
0.602	0.575	0.183	0.064	0.446	0.11	0.085	0.482269872	0.012343833	0.06915625	-0.008035294	2
0.552	0.548	0.19	0.064	0.468	0.037	0.118	0.498111912	0.027628825	0.140607143	-0.001934066	2
0.504	0.523	0.196	0.085	0.42	0	0.144	0.498111912	0.027628825	0.140607143	-0.001934066	2
0.516	0.533	0.235	0.046	0.315	0.06	0.163	0.498111912	0.027628825	0.140607143	-0.001934066	2
0.528	0.555	0.247	0.024	0.309	0.07	0.119	0.498111912	0.027628825	0.140607143	-0.001934066	2
0.528	0.564	0.249	0.041	0.306	0.087	0.106	0.498111912	0.027628825	0.140607143	-0.001934066	2
0.449	0.513	0.242	0.042	0.277	0.062	0.092	0.514200683	0.007370083	0.10053125	0.009094118	2
0.34	0.469	0.247	0.031	0.248	0.053	0.092	0.514200683	0.007370083	0.10053125	0.009094118	2
0.436	0.663	0.274	0.013	0.143	0.082	0.104	0.514200683	0.007370083	0.10053125	0.009094118	2
0.594	0.747	0.277	0.02	0.15	0.061	0.102	0.514200683	0.007370083	0.10053125	0.009094118	2
0.601	0.558	0.271	0.042	0.271	0.115	0.109	0.514200683	0.007370083	0.10053125	0.009094118	2
0.58	0.538	0.292	0.045	0.274	0.251	0.107	0.514200683	0.007370083	0.10053125	0.009094118	2
0.53	0.511	0.307	0.062	0.341	0.306	0.093	0.45322704	0.014310667	0.063840909	-0.014364766	2
0.476	0.48	0.324	0.083	0.338	0.232	0.081	0.45322704	0.014310667	0.063840909	-0.014364766	2
0.464	0.476	0.323	0.092	0.325	0.211	0.077	0.45322704	0.014310667	0.063840909	-0.014364766	2
0.482	0.508	0.319	0.093	0.29	0.125	0.071	0.45322704	0.014310667	0.063840909	-0.014364766	2
0.501	0.521	0.306	0.081	0.293	0.085	0.069	0.45322704	0.014310667	0.063840909	-0.014364766	2
0.488	0.508	0.296	0.085	0.322	0.087	0.061	0.45322704	0.014310667	0.063840909	-0.014364766	4
0.459	0.491	0.298	0.097	0.296	0.075	0.054	0.45322704	0.014310667	0.063840909	-0.014364766	1
0.447	0.488	0.312	0.1	0.299	0.093	0.059	0.45322704	0.014310667	0.063840909	-0.014364766	1
0.474	0.51	0.33	0.075	0.287	0.127	0.055	0.45322704	0.014310667	0.063840909	-0.014364766	1
0.454	0.494	0.346	0.085	0.299	0.158	0.06	0.45322704	0.014310667	0.063840909	-0.014364766	1
0.461	0.502	0.344	0.135	0.395	0.151	0.06	0.481703146	0.039649611	0.08025	-0.010070588	1
0.459	0.5	0.34	0.147	0.42	0.146	0.061	0.481703146	0.039649611	0.08025	-0.010070588	1
0.442	0.482	0.334	0.162	0.51	0.132	0.098	0.481703146	0.039649611	0.08025	-0.010070588	1
0.447	0.475	0.317	0.109	0.36	0.203	0.062	0.481703146	0.039649611	0.08025	-0.010070588	1
0.493	0.495	0.353	0.083	0.309	0.193	0.048	0.526706783	0.011242734	0.06555	0.008649624	1
0.459	0.469	0.349	0.084	0.341	0.192	0.049	0.526706783	0.011242734	0.06555	0.008649624	1
0.441	0.472	0.34	0.133	0.404	0.2	0.069	0.526706783	0.011242734	0.06555	0.008649624	1
0.439	0.475	0.341	0.14	0.436	0.178	0.075	0.526706783	0.011242734	0.06555	0.008649624	1
0.435	0.473	0.343	0.136	0.443	0.166	0.075	0.526706783	0.011242734	0.06555	0.008649624	1
0.451	0.488	0.33	0.146	0.414	0.161	0.067	0.526706783	0.011242734	0.06555	0.008649624	3
0.489	0.515	0.408	0.187	0.258	0.185	0.085	0.493076494	0.016206891	0.085642857	-0.00436044	2
0.454	0.513	0.401	0.115	0.347	0.13	0.067	0.493076494	0.016206891	0.085642857	-0.00436044	2
0.447	0.504	0.379	0.108	0.357	0.124	0.068	0.319247023	0.028879281	0.041027778	-0.038844169	2
0.437	0.49	0.379	0.099	0.357	0.116	0.069	0.319247023	0.028879281	0.041027778	-0.038844169	2
0.423	0.471	0.336	0.097	0.306	0.106	0.07	0.319247023	0.028879281	0.041027778	-0.038844169	3
0.411	0.457	0.32	0.087	0.322	0.056	0.063	0.319247023	0.028879281	0.041027778	-0.038844169	1
0.405	0.451	0.322	0.089	0.389	0.05	0.051	0.319247023	0.028879281	0.041027778	-0.038844169	1
0.412	0.455	0.327	0.087	0.363	0.059	0.017	0.319247023	0.028879281	0.041027778	-0.038844169	1
0.419	0.459	0.328	0.078	0.382	0.039	0.006	0.319247023	0.028879281	0.041027778	-0.038844169	1
0.427	0.46	0.328	0.07	0.424	0.026	0.018	0.319247023	0.028879281	0.041027778	-0.038844169	1
0.437	0.456	0.323	0.064	0.417	0.047	0.003	0.319247023	0.028879281	0.041027778	-0.038844169	1
0.452	0.46	0.32	0.052	0.382	0.072	0.001	0.645814377	0.019094531	0.02945	0.023133835	4
0.464	0.463	0.313	0.035	0.357	0.074	0.016	0.645814377	0.019094531	0.02945	0.023133835	3
0.49	0.47	0.334	0.012	0.182	0.106	0.02	0.645814377	0.019094531	0.02945	0.023133835	4
0.485	0.466	0.352	0.012	0.172	0.087	0.029	0.645814377	0.019094531	0.02945	0.023133835	3
0.468	0.46	0.361	0.041	0.21	0.059	0.041	0.645814377	0.019094531	0.02945	0.023133835	3
0.462	0.458	0.367	0.05	0.226	0.06	0.041	0.645814377	0.019094531	0.02945	0.023133835	3
0.446	0.453	0.373	0.067	0.258	0.077	0.041	0.645814377	0.019094531	0.02945	0.023133835	4
0.427	0.444	0.383	0.106	0.21	0.118	0.061	0.645814377	0.019094531	0.02945	0.023133835	4
0.432	0.448	0.388	0.117	0.28	0.099	0.101	0.505023548	0.027441363	0.0945	0.003375824	3
0.434	0.45	0.386	0.096	0.277	0.097	0.105	0.505023548	0.027441363	0.0945	0.003375824	3
0.439	0.454	0.376	0.131	0.287	0.103	0.098	0.505023548	0.027441363	0.0945	0.003375824	4
0.426	0.444	0.369	0.122	0.312	0.099	0.123	0.505023548	0.027441363	0.0945	0.003375824	4
0.412	0.434	0.352	0.109	0.35	0.08	0.099	0.505023548	0.027441363	0.0945	0.003375824	4
0.414	0.434	0.332	0.116	0.379	0.061	0.07	0.505023548	0.027441363	0.0945	0.003375824	4
0.421	0.437	0.332	0.112	0.392	0.041	0.065	0.505023548	0.027441363	0.0945	0.003375824	4
0.408	0.421	0.314	0.071	0.408	0.038	0.072	0.518345743	0.009199128	0.066519608	0.002326154	3
0.401	0.416	0.336	0.086	0.354	0.114	0.052	0.518345743	0.009199128	0.066519608	0.002326154	3
0.401	0.413	0.343	0.101	0.354	0.155	0.06	0.518345743	0.009199128	0.066519608	0.002326154	4
0.404	0.413	0.347	0.123	0.328	0.152	0.062	0.518345743	0.009199128	0.066519608	0.002326154	4
0.409	0.415	0.354	0.123	0.296	0.138	0.063	0.518345743	0.009199128	0.066519608	0.002326154	4
0.413	0.416	0.356	0.113	0.296	0.123	0.067	0.518345743	0.009199128	0.066519608	0.002326154	3
0.414	0.416	0.355	0.105	0.338	0.101	0.067	0.518345743	0.009199128	0.066519608	0.002326154	4
0.408	0.413	0.354	0.118	0.35	0.073	0.05	0.518345743	0.009199128	0.066519608	0.002326154	4
0.406	0.413	0.356	0.125	0.331	0.059	0.051	0.518345743	0.009199128	0.066519608	0.002326154	3
0.409	0.411	0.357	0.117	0.341	0.088	0.066	0.518345743	0.009199128	0.066519608	0.002326154	3
0.405	0.406	0.33	0.142	0.366	0.107	0.067	0.518345743	0.009199128	0.066519608	0.002326154	4
0.404	0.406	0.324	0.153	0.382	0.127	0.068	0.518345743	0.009199128	0.066519608	0.002326154	3
0.402	0.408	0.32	0.146	0.43	0.192	0.073	0.518345743	0.009199128	0.066519608	0.002326154	3
0.395	0.405	0.327	0.143	0.427	0.204	0.065	0.518345743	0.009199128	0.066519608	0.002326154	3
0.389	0.402	0.338	0.141	0.414	0.188	0.062	0.518345743	0.009199128	0.066519608	0.002326154	3
0.386	0.402	0.351	0.158	0.392	0.147	0.061	0.518345743	0.009199128	0.066519608	0.002326154	3
0.382	0.401	0.365	0.18	0.398	0.151	0.071	0.518345743	0.009199128	0.066519608	0.002326154	2
0.382	0.398	0.352	0.192	0.436	0.166	0.074	0.518345743	0.009199128	0.066519608	0.002326154	3
0.378	0.393	0.335	0.179	0.398	0.109	0.076	0.518345743	0.009199128	0.066519608	0.002326154	3
0.376	0.39	0.314	0.153	0.379	0.07	0.072	0.518345743	0.009199128	0.066519608	0.002326154	3
0.381	0.393	0.302	0.169	0.376	0.085	0.068	0.518345743	0.009199128	0.066519608	0.002326154	3
0.382	0.393	0.306	0.174	0.379	0.082	0.073	0.518345743	0.009199128	0.066519608	0.002326154	3
0.378	0.39	0.316	0.152	0.411	0.042	0.077	0.518345743	0.009199128	0.066519608	0.002326154	4
0.383	0.386	0.358	0.093	0.354	0.1	0.066	0.531898657	0.013564679	0.06395	0.010057143	3
0.388	0.389	0.35	0.093	0.344	0.077	0.055	0.531898657	0.013564679	0.06395	0.010057143	4
0.391	0.389	0.347	0.081	0.395	0.062	0.052	0.531898657	0.013564679	0.06395	0.010057143	3
0.386	0.386	0.331	0.109	0.446	0.074	0.071	0.531898657	0.013564679	0.06395	0.010057143	3
0.389	0.389	0.328	0.134	0.427	0.072	0.067	0.531898657	0.013564679	0.06395	0.010057143	3
0.395	0.392	0.349	0.167	0.373	0.163	0.078	0.514961289	0.014778798	0.061735294	0.005607843	3
0.396	0.391	0.359	0.161	0.35	0.219	0.069	0.514961289	0.014778798	0.061735294	0.005607843	4
0.398	0.389	0.363	0.147	0.341	0.22	0.06	0.514961289	0.014778798	0.061735294	0.005607843	3
0.396	0.381	0.336	0.141	0.357	0.201	0.056	0.514961289	0.014778798	0.061735294	0.005607843	4
0.398	0.382	0.318	0.146	0.373	0.223	0.049	0.514961289	0.014778798	0.061735294	0.005607843	4
0.406	0.39	0.304	0.182	0.382	0.257	0.043	0.514961289	0.014778798	0.061735294	0.005607843	4
0.414	0.399	0.313	0.207	0.382	0.254	0.064	0.514961289	0.014778798	0.061735294	0.005607843	4
0.414	0.4	0.322	0.207	0.299	0.285	0.075	0.514961289	0.014778798	0.061735294	0.005607843	3
0.415	0.4	0.329	0.207	0.261	0.279	0.075	0.514961289	0.014778798	0.061735294	0.005607843	7
0.431	0.468	0.278	0.231	0.548	0.268	0.172	0.564098011	0.037509527	0.1265	0.078763636	7
0.484	0.496	0.221	0.092	0.626	0.052	0.349	0.546522253	0.093777405	0.306033333	0.098914286	6
0.492	0.509	0.22	0.084	0.643	0.049	0.302	0.546522253	0.093777405	0.306033333	0.098914286	6
0.448	0.478	0.271	0.114	0.558	0.042	0.219	0.546522253	0.093777405	0.306033333	0.098914286	6
0.485	0.507	0.249	0.138	0.585	0.069	0.339	0.546522253	0.093777405	0.306033333	0.098914286	4
0.525	0.552	0.168	0.154	0.643	0.072	0.431	0.546522253	0.093777405	0.306033333	0.098914286	6
0.572	0.613	0.197	0.134	0.638	0.065	0.491	0.453971888	0.079397985	0.366678571	-0.127243956	5
0.573	0.615	0.229	0.122	0.604	0.066	0.467	0.453971888	0.079397985	0.366678571	-0.127243956	5
0.557	0.599	0.287	0.122	0.604	0.091	0.353	0.453971888	0.079397985	0.366678571	-0.127243956	3
0.487	0.525	0.293	0.132	0.613	0.093	0.359	0.453971888	0.079397985	0.366678571	-0.127243956	4
0.449	0.485	0.272	0.099	0.581	0.086	0.285	0.453971888	0.079397985	0.366678571	-0.127243956	5
0.441	0.477	0.274	0.095	0.577	0.087	0.256	0.522072392	0.048621274	0.309055556	0.082933333	5
0.461	0.489	0.289	0.083	0.581	0.084	0.305	0.522072392	0.048621274	0.309055556	0.082933333	4
0.435	0.458	0.327	0.066	0.587	0.077	0.305	0.522072392	0.048621274	0.309055556	0.082933333	4
0.407	0.427	0.352	0.08	0.615	0.071	0.272	0.51801895	0.032619996	0.320543478	0.024774704	4
0.329	0.347	0.353	0.101	0.653	0.049	0.294	0.51801895	0.032619996	0.320543478	0.024774704	5
0.362	0.379	0.324	0.118	0.63	0.047	0.286	0.51801895	0.032619996	0.320543478	0.024774704	5
0.401	0.418	0.31	0.094	0.609	0.045	0.327	0.51801895	0.032619996	0.320543478	0.024774704	5
0.48	0.5	0.287	0.086	0.594	0.042	0.346	0.51801895	0.032619996	0.320543478	0.024774704	5
0.486	0.514	0.377	0.109	0.651	0.03	0.317	0.51801895	0.032619996	0.320543478	0.024774704	5
0.483	0.511	0.374	0.112	0.647	0.029	0.326	0.51801895	0.032619996	0.320543478	0.024774704	5
0.609	0.635	0.524	0.604	0.564	0.303	0.489	0.512469675	0.052947017	0.523625	0.032463158	6
0.415	0.459	0.351	0.11	0.626	0.091	0.311	0.483293045	0.024488812	0.282891304	-0.020980237	5
0.411	0.454	0.322	0.131	0.632	0.09	0.325	0.483293045	0.024488812	0.282891304	-0.020980237	5
0.395	0.435	0.328	0.096	0.647	0.089	0.278	0.483293045	0.024488812	0.282891304	-0.020980237	4
0.418	0.459	0.333	0.109	0.653	0.09	0.273	0.483293045	0.024488812	0.282891304	-0.020980237	5
0.42	0.464	0.308	0.116	0.636	0.093	0.272	0.483293045	0.024488812	0.282891304	-0.020980237	4
0.483	0.538	0.262	0.06	0.645	0.094	0.283	0.483293045	0.024488812	0.282891304	-0.020980237	5
0.499	0.555	0.259	0.094	0.658	0.093	0.428	0.475576596	0.067707361	0.3699375	-0.058752941	5
0.499	0.556	0.262	0.099	0.67	0.093	0.461	0.475576596	0.067707361	0.3699375	-0.058752941	6
0.487	0.546	0.279	0.099	0.698	0.093	0.446	0.475576596	0.067707361	0.3699375	-0.058752941	6
0.478	0.537	0.291	0.096	0.702	0.093	0.397	0.475576596	0.067707361	0.3699375	-0.058752941	5
0.462	0.521	0.303	0.097	0.691	0.093	0.352	0.475576596	0.067707361	0.3699375	-0.058752941	5
0.416	0.473	0.33	0.115	0.609	0.091	0.306	0.475576596	0.067707361	0.3699375	-0.058752941	5
0.322	0.372	0.35	0.099	0.57	0.091	0.318	0.498870363	0.03620156	0.285147059	-0.001960784	5
0.286	0.332	0.359	0.084	0.594	0.088	0.308	0.498870363	0.03620156	0.285147059	-0.001960784	6
0.254	0.297	0.404	0.094	0.625	0.083	0.256	0.498870363	0.03620156	0.285147059	-0.001960784	6
0.25	0.292	0.412	0.104	0.643	0.083	0.269	0.498870363	0.03620156	0.285147059	-0.001960784	6
0.272	0.317	0.416	0.105	0.66	0.082	0.281	0.498870363	0.03620156	0.285147059	-0.001960784	6
0.287	0.333	0.424	0.124	0.662	0.081	0.26	0.498870363	0.03620156	0.285147059	-0.001960784	6
0.292	0.339	0.433	0.144	0.66	0.08	0.284	0.498870363	0.03620156	0.285147059	-0.001960784	6
0.358	0.403	0.418	0.143	0.608	0.069	0.382	0.501647778	0.013733116	0.3775	0.005963636	5
0.363	0.408	0.392	0.132	0.602	0.065	0.387	0.501647778	0.013733116	0.3775	0.005963636	5
0.341	0.386	0.327	0.122	0.626	0.056	0.366	0.501647778	0.013733116	0.3775	0.005963636	5
0.294	0.344	0.268	0.17	0.583	0.062	0.378	0.501647778	0.013733116	0.3775	0.005963636	3
0.653	0.753	0.231	0.225	0.592	0.038	0.499	0.49903618	0.089099305	0.504954545	-0.004727273	6
0.729	0.819	0.268	0.265	0.543	0.042	0.604	0.49903618	0.089099305	0.504954545	-0.004727273	7
0.743	0.826	0.275	0.252	0.557	0.036	0.564	0.49903618	0.089099305	0.504954545	-0.004727273	7
0.768	0.78	0.284	0.158	0.598	0.036	0.455	0.49903618	0.089099305	0.504954545	-0.004727273	6
0.761	0.759	0.281	0.137	0.606	0.036	0.453	0.49903618	0.089099305	0.504954545	-0.004727273	6
0.508	0.467	0.246	0.151	0.625	0.059	0.629	0.458849046	0.183889224	0.5965	-0.187648352	4
0.244	0.2	0.214	0.177	0.632	0.084	0.738	0.458849046	0.183889224	0.5965	-0.187648352	4
0.172	0.16	0.23	0.157	0.649	0.074	0.623	0.458849046	0.183889224	0.5965	-0.187648352	6
0.284	0.279	0.283	0.142	0.645	0.052	0.383	0.458849046	0.183889224	0.5965	-0.187648352	5
0.316	0.353	0.363	0.135	0.702	0.066	0.283	0.515685798	0.025204219	0.3132	0.033171429	5
0.355	0.419	0.309	0.162	0.598	0.078	0.324	0.515685798	0.025204219	0.3132	0.033171429	6
0.433	0.503	0.26	0.181	0.57	0.084	0.315	0.515685798	0.025204219	0.3132	0.033171429	6
0.426	0.497	0.24	0.145	0.643	0.08	0.333	0.515685798	0.025204219	0.3132	0.033171429	6
0.396	0.467	0.249	0.138	0.647	0.075	0.32	0.515685798	0.025204219	0.3132	0.033171429	6
0.229	0.288	0.323	0.132	0.64	0.074	0.239	0.53986965	0.076955073	0.363555556	0.051687424	6
0.235	0.289	0.361	0.115	0.574	0.078	0.329	0.53986965	0.076955073	0.363555556	0.051687424	6
0.244	0.302	0.368	0.144	0.606	0.078	0.384	0.53986965	0.076955073	0.363555556	0.051687424	5
0.288	0.356	0.384	0.181	0.643	0.077	0.405	0.53986965	0.076955073	0.363555556	0.051687424	2
0.315	0.388	0.382	0.152	0.636	0.072	0.404	0.53986965	0.076955073	0.363555556	0.051687424	6
0.319	0.394	0.369	0.131	0.604	0.07	0.384	0.53986965	0.076955073	0.363555556	0.051687424	6
0.334	0.408	0.331	0.139	0.538	0.072	0.375	0.53986965	0.076955073	0.363555556	0.051687424	5
0.472	0.529	0.287	0.148	0.594	0.069	0.442	0.53986965	0.076955073	0.363555556	0.051687424	3
0.388	0.436	0.313	0.128	0.581	0.07	0.261	0.491432982	0.041209537	0.274321429	-0.017564835	4
0.387	0.424	0.316	0.126	0.538	0.068	0.262	0.491432982	0.041209537	0.274321429	-0.017564835	7
0.386	0.423	0.31	0.13	0.545	0.068	0.271	0.491432982	0.041209537	0.274321429	-0.017564835	6
0.308	0.348	0.359	0.109	0.636	0.068	0.227	0.435953355	0.048502996	0.149607143	-0.074356044	5
0.438	0.452	0.268	0.093	0.632	0.068	0.156	0.58296131	0.058998194	0.1816	0.101942857	5
0.49	0.5	0.256	0.099	0.649	0.065	0.184	0.58296131	0.058998194	0.1816	0.101942857	5
0.507	0.515	0.195	0.096	0.626	0.064	0.213	0.58296131	0.058998194	0.1816	0.101942857	5
0.504	0.513	0.193	0.107	0.613	0.062	0.227	0.58296131	0.058998194	0.1816	0.101942857	5
0.517	0.537	0.217	0.089	0.657	0.049	0.263	0.579341739	0.18659961	0.227229167	0.084267826	6
0.54	0.565	0.229	0.129	0.658	0.04	0.218	0.579341739	0.18659961	0.227229167	0.084267826	6
0.592	0.624	0.212	0.139	0.691	0.039	0.199	0.579341739	0.18659961	0.227229167	0.084267826	6
0.528	0.544	0.163	0.234	0.606	0.032	0.16	0.579341739	0.18659961	0.227229167	0.084267826	6
0.428	0.439	0.196	0.198	0.581	0.036	0.136	0.579341739	0.18659961	0.227229167	0.084267826	6
0.371	0.372	0.317	0.253	0.592	0.055	0.313	0.579341739	0.18659961	0.227229167	0.084267826	6
0.272	0.288	0.293	0.223	0.666	0.111	0.287	0.499357348	0.027795415	0.285035714	-0.001336264	2
0.331	0.349	0.265	0.176	0.723	0.114	0.293	0.499357348	0.027795415	0.285035714	-0.001336264	2
0.361	0.383	0.233	0.108	0.77	0.115	0.291	0.499357348	0.027795415	0.285035714	-0.001336264	5
0.373	0.398	0.235	0.051	0.811	0.115	0.245	0.499357348	0.027795415	0.285035714	-0.001336264	5
0.245	0.263	0.378	0.147	0.791	0.127	0.304	0.499357348	0.027795415	0.285035714	-0.001336264	4
0.233	0.247	0.425	0.282	0.749	0.111	0.33	0.486204995	0.029662597	0.307125	-0.027082353	2
0.233	0.246	0.425	0.288	0.743	0.109	0.336	0.486204995	0.029662597	0.307125	-0.027082353	2
0.225	0.237	0.403	0.275	0.742	0.11	0.326	0.486204995	0.029662597	0.307125	-0.027082353	2
0.223	0.233	0.399	0.274	0.719	0.112	0.307	0.486204995	0.029662597	0.307125	-0.027082353	2
0.218	0.229	0.422	0.211	0.679	0.123	0.267	0.486204995	0.029662597	0.307125	-0.027082353	2
0.216	0.227	0.449	0.177	0.681	0.128	0.265	0.486204995	0.029662597	0.307125	-0.027082353	2
0.214	0.225	0.455	0.18	0.698	0.129	0.293	0.498077238	0.02760251	0.324315789	-0.003298246	2
0.21	0.221	0.446	0.211	0.696	0.126	0.334	0.498077238	0.02760251	0.324315789	-0.003298246	2
0.204	0.217	0.403	0.25	0.713	0.115	0.335	0.498077238	0.02760251	0.324315789	-0.003298246	2
0.205	0.218	0.355	0.257	0.74	0.115	0.329	0.498077238	0.02760251	0.324315789	-0.003298246	2
0.206	0.22	0.364	0.242	0.751	0.112	0.344	0.498077238	0.02760251	0.324315789	-0.003298246	2
0.212	0.23	0.404	0.234	0.747	0.111	0.327	0.498077238	0.02760251	0.324315789	-0.003298246	2
0.216	0.233	0.414	0.24	0.76	0.109	0.294	0.498077238	0.02760251	0.324315789	-0.003298246	2
0.182	0.196	0.447	0.25	0.704	0.104	0.248	0.509759532	0.045433389	0.238973684	0.012645614	1
0.155	0.167	0.542	0.226	0.649	0.103	0.215	0.509759532	0.045433389	0.238973684	0.012645614	2
0.159	0.171	0.546	0.239	0.662	0.103	0.188	0.509759532	0.045433389	0.238973684	0.012645614	2
0.177	0.189	0.505	0.233	0.67	0.102	0.205	0.509759532	0.045433389	0.238973684	0.012645614	2
0.192	0.205	0.432	0.192	0.662	0.101	0.219	0.509759532	0.045433389	0.238973684	0.012645614	2
0.197	0.211	0.402	0.181	0.681	0.1	0.255	0.509759532	0.045433389	0.238973684	0.012645614	2
0.198	0.21	0.416	0.205	0.698	0.1	0.312	0.4975	0.027220165	0.283	-0.004885714	2
0.196	0.207	0.426	0.19	0.7	0.099	0.278	0.4975	0.027220165	0.283	-0.004885714	2
0.198	0.208	0.423	0.155	0.711	0.098	0.267	0.4975	0.027220165	0.283	-0.004885714	2
0.218	0.225	0.354	0.237	0.772	0.099	0.299	0.4975	0.027220165	0.283	-0.004885714	3
0.223	0.232	0.336	0.198	0.766	0.1	0.272	0.4975	0.027220165	0.283	-0.004885714	3
0.295	0.303	0.277	0.199	0.804	0.099	0.321	0.503659591	0.012308984	0.331153846	0.00967033	3
0.274	0.278	0.302	0.249	0.815	0.099	0.341	0.503659591	0.012308984	0.331153846	0.00967033	3
0.241	0.241	0.33	0.24	0.811	0.099	0.338	0.503659591	0.012308984	0.331153846	0.00967033	3
0.228	0.224	0.361	0.231	0.789	0.1	0.327	0.503659591	0.012308984	0.331153846	0.00967033	4
0.228	0.222	0.352	0.246	0.783	0.098	0.317	0.506182262	0.041673986	0.341394737	0.011368421	4
0.228	0.222	0.336	0.252	0.781	0.099	0.338	0.506182262	0.041673986	0.341394737	0.011368421	3
0.227	0.222	0.353	0.265	0.751	0.097	0.355	0.506182262	0.041673986	0.341394737	0.011368421	4
0.232	0.227	0.355	0.24	0.713	0.097	0.318	0.506182262	0.041673986	0.341394737	0.011368421	3
0.237	0.232	0.341	0.261	0.725	0.098	0.41	0.506182262	0.041673986	0.341394737	0.011368421	4
0.237	0.234	0.338	0.254	0.719	0.097	0.364	0.506182262	0.041673986	0.341394737	0.011368421	4
0.242	0.239	0.336	0.245	0.715	0.096	0.323	0.506182262	0.041673986	0.341394737	0.011368421	4
0.264	0.26	0.325	0.25	0.736	0.091	0.289	0.523224491	0.035637489	0.346452381	0.038337662	4
0.506	0.436	0.186	0.167	0.633	0.036	0.369	0.508900217	0.038459625	0.329852941	0.008536593	2
0.454	0.382	0.2	0.195	0.659	0.004	0.363	0.508900217	0.038459625	0.329852941	0.008536593	2
0.426	0.351	0.221	0.191	0.669	0.004	0.393	0.47492075	0.047254224	0.331086957	-0.036023715	2
0.431	0.356	0.229	0.208	0.685	0.006	0.315	0.47492075	0.047254224	0.331086957	-0.036023715	1
0.406	0.33	0.221	0.189	0.674	0.005	0.356	0.47492075	0.047254224	0.331086957	-0.036023715	1
0.402	0.327	0.229	0.19	0.669	0.005	0.339	0.47492075	0.047254224	0.331086957	-0.036023715	1
0.387	0.315	0.229	0.171	0.656	0.004	0.344	0.47492075	0.047254224	0.331086957	-0.036023715	1
0.38	0.311	0.221	0.16	0.643	0.003	0.273	0.47492075	0.047254224	0.331086957	-0.036023715	2
0.38	0.312	0.207	0.157	0.646	0.004	0.269	0.47492075	0.047254224	0.331086957	-0.036023715	2
0.422	0.357	0.136	0.13	0.659	0.006	0.265	0.481207516	0.036957565	0.274538462	-0.019886496	3
0.454	0.393	0.136	0.118	0.664	0.006	0.293	0.481207516	0.036957565	0.274538462	-0.019886496	3
0.384	0.329	0.214	0.157	0.664	0.008	0.307	0.481207516	0.036957565	0.274538462	-0.019886496	1
0.361	0.306	0.243	0.165	0.667	0.008	0.265	0.481207516	0.036957565	0.274538462	-0.019886496	1
0.356	0.299	0.279	0.186	0.643	0.004	0.298	0.481207516	0.036957565	0.274538462	-0.019886496	1
0.299	0.24	0.343	0.167	0.612	0.01	0.256	0.481207516	0.036957565	0.274538462	-0.019886496	3
0.277	0.218	0.393	0.17	0.596	0.01	0.217	0.481207516	0.036957565	0.274538462	-0.019886496	2
0.257	0.202	0.371	0.169	0.581	0.021	0.19	0.523966194	0.063622133	0.255680556	0.017115058	3
0.272	0.219	0.357	0.167	0.583	0.019	0.245	0.523966194	0.063622133	0.255680556	0.017115058	2
0.281	0.23	0.35	0.175	0.578	0.006	0.27	0.523966194	0.063622133	0.255680556	0.017115058	2
0.273	0.22	0.364	0.178	0.581	0.013	0.307	0.523966194	0.063622133	0.255680556	0.017115058	2
0.252	0.203	0.414	0.172	0.568	0.023	0.257	0.523966194	0.063622133	0.255680556	0.017115058	2
0.25	0.202	0.414	0.164	0.568	0.022	0.229	0.523966194	0.063622133	0.255680556	0.017115058	2
0.256	0.206	0.407	0.183	0.573	0.023	0.251	0.523966194	0.063622133	0.255680556	0.017115058	2
0.265	0.212	0.4	0.198	0.576	0.02	0.39	0.523966194	0.063622133	0.255680556	0.017115058	1
0.279	0.231	0.364	0.169	0.578	0.019	0.232	0.523966194	0.063622133	0.255680556	0.017115058	1
0.263	0.214	0.321	0.153	0.573	0.018	0.249	0.523966194	0.063622133	0.255680556	0.017115058	1
0.295	0.246	0.25	0.138	0.596	0.021	0.314	0.472745389	0.036032547	0.278115385	-0.061318681	5
0.359	0.312	0.243	0.104	0.628	0.017	0.277	0.472745389	0.036032547	0.278115385	-0.061318681	2
0.281	0.234	0.314	0.16	0.604	0.023	0.274	0.472745389	0.036032547	0.278115385	-0.061318681	2
0.269	0.216	0.343	0.167	0.62	0.025	0.231	0.472745389	0.036032547	0.278115385	-0.061318681	2
0.289	0.236	0.336	0.176	0.617	0.024	0.278	0.521006297	0.048884083	0.318041667	0.013755102	2
0.299	0.249	0.357	0.168	0.633	0.02	0.32	0.521006297	0.048884083	0.318041667	0.013755102	2
0.282	0.232	0.371	0.16	0.615	0.024	0.331	0.521006297	0.048884083	0.318041667	0.013755102	2
0.271	0.219	0.35	0.19	0.615	0.024	0.281	0.521006297	0.048884083	0.318041667	0.013755102	1
0.264	0.216	0.321	0.194	0.596	0.022	0.312	0.521006297	0.048884083	0.318041667	0.013755102	1
0.271	0.223	0.314	0.193	0.591	0.023	0.282	0.521006297	0.048884083	0.318041667	0.013755102	1
0.269	0.219	0.321	0.18	0.589	0.024	0.352	0.521006297	0.048884083	0.318041667	0.013755102	1
0.263	0.217	0.329	0.188	0.594	0.023	0.303	0.521006297	0.048884083	0.318041667	0.013755102	1
0.263	0.216	0.336	0.186	0.591	0.024	0.303	0.521006297	0.048884083	0.318041667	0.013755102	1
0.264	0.217	0.343	0.185	0.573	0.024	0.327	0.521006297	0.048884083	0.318041667	0.013755102	2
0.267	0.219	0.336	0.204	0.586	0.025	0.306	0.521006297	0.048884083	0.318041667	0.013755102	1
0.261	0.21	0.329	0.208	0.591	0.027	0.335	0.521006297	0.048884083	0.318041667	0.013755102	2
0.275	0.223	0.314	0.203	0.586	0.025	0.315	0.521006297	0.048884083	0.318041667	0.013755102	1
0.281	0.226	0.321	0.207	0.586	0.023	0.31	0.521006297	0.048884083	0.318041667	0.013755102	2
0.265	0.216	0.329	0.203	0.591	0.022	0.443	0.521006297	0.048884083	0.318041667	0.013755102	2
0.263	0.214	0.329	0.197	0.594	0.022	0.454	0.521006297	0.048884083	0.318041667	0.013755102	2
0.305	0.256	0.264	0.193	0.633	0.02	0.324	0.513612056	0.054820079	0.400125	0.034258824	1
0.395	0.351	0.2	0.19	0.667	0.012	0.448	0.513612056	0.054820079	0.400125	0.034258824	2
0.366	0.319	0.221	0.204	0.656	0.013	0.411	0.513612056	0.054820079	0.400125	0.034258824	2
0.272	0.219	0.25	0.201	0.648	0.017	0.387	0.513612056	0.054820079	0.400125	0.034258824	1
0.283	0.23	0.193	0.2	0.633	0.02	0.324	0.509826378	0.043946884	0.39	0.024023529	2
0.377	0.325	0.129	0.144	0.667	0.016	0.395	0.509826378	0.043946884	0.39	0.024023529	4
0.417	0.368	0.143	0.132	0.672	0.011	0.416	0.509826378	0.043946884	0.39	0.024023529	3
0.324	0.272	0.271	0.193	0.674	0.011	0.411	0.509826378	0.043946884	0.39	0.024023529	1
0.27	0.218	0.294	0.2	0.669	0.013	0.324	0.509826378	0.043946884	0.39	0.024023529	1
0.269	0.212	0.326	0.169	0.643	0.016	0.256	0.508571262	0.04957287	0.311222222	0.010046398	2
0.277	0.22	0.318	0.188	0.641	0.019	0.298	0.508571262	0.04957287	0.311222222	0.010046398	2
0.28	0.222	0.305	0.184	0.63	0.02	0.38	0.508571262	0.04957287	0.311222222	0.010046398	1
0.297	0.239	0.279	0.199	0.622	0.02	0.367	0.508571262	0.04957287	0.311222222	0.010046398	1
0.327	0.269	0.239	0.183	0.651	0.02	0.366	0.508571262	0.04957287	0.311222222	0.010046398	2
0.319	0.258	0.236	0.187	0.654	0.02	0.318	0.508571262	0.04957287	0.311222222	0.010046398	2
0.312	0.247	0.236	0.192	0.656	0.022	0.288	0.59806486	0.210391743	0.456617647	0.295509804	2
0.421	0.356	0.217	0.168	0.667	0.019	0.335	0.59806486	0.210391743	0.456617647	0.295509804	2
0.466	0.403	0.28	0.196	0.685	0.017	0.411	0.59806486	0.210391743	0.456617647	0.295509804	5
0.468	0.405	0.28	0.212	0.688	0.017	0.473	0.59806486	0.210391743	0.456617647	0.295509804	5
0.421391149	0.455375646	0.325497416	0.078360143	0.383284881	0.054492249	0.011740957	0.319247023	0.028879281	0.041027778	-0.038844169	1
0.268408733	0.219	0.325434505	0.187095208	0.588113099	0.024295634	0.33840085	0.521006297	0.048884083	0.318041667	0.013755102	1
0.419843954	0.459105494	0.328	0.077156046	0.386430759	0.037628575	0.007265931	0.319247023	0.028879281	0.041027778	-0.038844169	1
0.453521585	0.483695447	0.306674157	0.102478415	0.325218213	0.133436425	0.057652277	0.466227367	0.025878771	0.071332226	-0.012404325	1
0.203188722	0.203645415	0.428869444	0.232306325	0.676476505	0.085432563	0.244504953	0.512862841	0.049406546	0.24262314	0.013621921	1
0.43749906	0.47258349	0.34175047	0.13475047	0.426756112	0.180161338	0.07250094	0.526706783	0.011242734	0.06555	0.008649624	1
0.270066242	0.222182962	0.316567834	0.192182962	0.591	0.02311672	0.284451115	0.521006297	0.048884083	0.318041667	0.013755102	1
0.4675131	0.50481048	0.33518952	0.07824345	0.29089214	0.137054696	0.056621725	0.45322704	0.014310667	0.063840909	-0.014364766	1
0.433947801	0.455877912	0.323488352	0.066808023	0.41040725	0.048465055	0.004709231	0.319247023	0.028879281	0.041027778	-0.038844169	1
0.396655532	0.322724426	0.229	0.183230341	0.664368128	0.004643702	0.340781489	0.47492075	0.047254224	0.331086957	-0.036023715	1
0.276844921	0.223938093	0.251956603	0.200254628	0.650422461	0.016440971	0.389236117	0.513259338	0.053807006	0.399181638	0.033305186	1
0.312026181	0.258393388	0.280252496	0.19055081	0.662026181	0.01344919	0.4025639	0.50948482	0.045477896	0.368562026	0.020219901	1
0.439533831	0.478829211	0.337170789	0.152839943	0.486395238	0.143978536	0.089896873	0.497558372	0.029641588	0.075071045	-0.003475272	1
0.305009887	0.256008326	0.264003643	0.193	0.633021335	0.019995317	0.324045273	0.513610086	0.054814421	0.400119731	0.034253498	1
0.411647431	0.455705138	0.324532018	0.087	0.348544677	0.057942293	0.033218167	0.319247023	0.028879281	0.041027778	-0.038844169	1
0.400209156	0.325428281	0.22343825	0.183513937	0.668513937	0.004695219	0.352342625	0.47492075	0.047254224	0.331086957	-0.036023715	1
0.424365506	0.459506032	0.326682753	0.07279915	0.407205103	0.030939676	0.025409513	0.319247023	0.028879281	0.041027778	-0.038844169	1
0.419909139	0.453329553	0.322465911	0.077352235	0.402045496	0.048602268	0.028636292	0.319247023	0.028879281	0.041027778	-0.038844169	1
0.27512136	0.22518204	0.35721238	0.179181429	0.595938709	0.02142415	0.255756669	0.522531147	0.056476685	0.285915092	0.015486051	1
0.368073971	0.313073971	0.234080645	0.162539488	0.666077308	0.008	0.277917687	0.481207516	0.036957565	0.274538462	-0.019886496	1
0.264730588	0.213077649	0.378716426	0.196922351	0.581388247	0.020538825	0.368985838	0.523168761	0.059651521	0.272481408	0.016209844	1
0.481770226	0.49011749	0.344211481	0.089347264	0.321450402	0.195441255	0.051417757	0.515720247	0.018177578	0.069138645	0.004079542	1
0.252877835	0.260256007	0.271278105	0.1092755	0.780944127	0.15188565	0.190977903	0.510408832	0.045376561	0.250350752	0.011157233	1
0.411781236	0.455437528	0.32546865	0.087	0.354030667	0.058343707	0.027063154	0.319247023	0.028879281	0.041027778	-0.038844169	1
0.263	0.215116204	0.32937153	0.171417366	0.583045836	0.021348612	0.279137508	0.52231427	0.055396798	0.290484417	0.01523986	1
0.449307932	0.489096423	0.341211509	0.142557802	0.429288232	0.154076723	0.066653706	0.499877242	0.028177887	0.074313608	-0.002510689	1
0.38498834	0.313961724	0.232244612	0.171973384	0.655156401	0.004	0.341014957	0.475328712	0.046586051	0.327417398	-0.034976535	1
0.265984338	0.218492169	0.334222592	0.199937353	0.588031323	0.024492169	0.305238254	0.521006297	0.048884083	0.318041667	0.013755102	1
0.263246876	0.216	0.332296859	0.187975009	0.59223438	0.023506248	0.305221885	0.521006297	0.048884083	0.318041667	0.013755102	1
0.460073915	0.498859132	0.341140868	0.081963043	0.295355651	0.148585432	0.058481521	0.45322704	0.014310667	0.063840909	-0.014364766	1
0.265301835	0.216863188	0.340028212	0.187150918	0.597905506	0.024	0.296669953	0.521006297	0.048884083	0.318041667	0.013755102	1
0.303815305	0.253482522	0.266221304	0.193888522	0.631371044	0.02	0.330367738	0.51286558	0.054043036	0.386959661	0.03067328	1
0.441040671	0.471993221	0.340020336	0.132889284	0.403857651	0.199981924	0.06895481	0.526706783	0.011242734	0.06555	0.008649624	1
0.466796913	0.504130818	0.325197942	0.081669525	0.290201372	0.117929446	0.056067124	0.45322704	0.014310667	0.063840909	-0.014364766	1
0.436415374	0.455976615	0.32309354	0.064537856	0.415737208	0.047280621	0.003327391	0.319247023	0.028879281	0.041027778	-0.038844169	1
0.449877259	0.482809703	0.328920073	0.099135112	0.334926742	0.184503334	0.061177926	0.469998412	0.029234367	0.073505256	-0.011835654	1
0.269801696	0.217933899	0.29489237	0.199801696	0.666587296	0.013297457	0.323603391	0.510195883	0.044110062	0.387621724	0.02368415	1
0.457274644	0.477626781	0.347964786	0.084345071	0.326507008	0.180267578	0.052795784	0.501351036	0.012301389	0.064960242	0.00070802	1
0.268440459	0.220440459	0.316559541	0.193365649	0.592828243	0.022634351	0.29296946	0.521006297	0.048884083	0.318041667	0.013755102	1
0.288379047	0.232294814	0.283789418	0.199319295	0.637006844	0.017764938	0.353270334	0.508972014	0.047776523	0.336375537	0.01450922	1
0.263530935	0.216	0.328035981	0.190247477	0.593654673	0.022938131	0.307778411	0.521006297	0.048884083	0.318041667	0.013755102	1
0.295284725	0.242732508	0.259403446	0.197417735	0.659642362	0.014313301	0.397746796	0.511916893	0.049951245	0.395591195	0.029675631	1
0.452365283	0.482153711	0.308504969	0.103634717	0.331385158	0.145770315	0.058423145	0.468971282	0.028320394	0.072913382	-0.011990545	1
0.270112361	0.220148877	0.322960672	0.196075844	0.588036516	0.024592697	0.310112361	0.521006297	0.048884083	0.318041667	0.013755102	1
0.26397024	0.216565973	0.334221227	0.187374507	0.590595733	0.024080853	0.30397024	0.521006297	0.048884083	0.318041667	0.013755102	1
0.269521382	0.221521382	0.322132398	0.197066199	0.589151728	0.023739309	0.290871707	0.521006297	0.048884083	0.318041667	0.013755102	1
0.265905919	0.21769512	0.330672481	0.190116719	0.5897892	0.02424216	0.305905919	0.521006297	0.048884083	0.318041667	0.013755102	1
0.465693248	0.474118366	0.349787441	0.08380314	0.334700472	0.19219686	0.04880314	0.526706783	0.011242734	0.06555	0.008649624	1
0.220094351	0.205406013	0.39479663	0.219900759	0.650856028	0.066375949	0.273866535	0.515048893	0.047056253	0.276159407	0.013167407	1
0.441861997	0.472381268	0.340215499	0.132171157	0.402425198	0.199883962	0.068651886	0.526706783	0.011242734	0.06555	0.008649624	1
0.44817884	0.470803527	0.34358942	0.113457602	0.37887406	0.196809404	0.061023511	0.526706783	0.011242734	0.06555	0.008649624	1
0.365222067	0.310222067	0.237676524	0.163531455	0.666449296	0.008	0.272709861	0.481207516	0.036957565	0.274538462	-0.019886496	1
0.270654611	0.220638062	0.312530495	0.195008274	0.601243027	0.02159669	0.323091018	0.518498712	0.04902298	0.316666493	0.013007224	1
0.487875604	0.491081344	0.35239713	0.083150718	0.313822961	0.192849282	0.048150718	0.526706783	0.011242734	0.06555	0.008649624	1
0.395180373	0.329508199	0.217557391	0.173262361	0.669081988	0.006475404	0.33190174	0.478012589	0.042190315	0.303276338	-0.028087411	1
0.460083744	0.498866995	0.341133005	0.081958128	0.295349754	0.148570197	0.058479064	0.45322704	0.014310667	0.063840909	-0.014364766	1
0.455600611	0.496175688	0.340424924	0.145441947	0.423257747	0.148832824	0.062982977	0.488077515	0.035626027	0.078167874	-0.007419035	1
0.263674041	0.216	0.325889384	0.191392329	0.594370205	0.022651918	0.30906637	0.521006297	0.048884083	0.318041667	0.013755102	1
0.448541687	0.489321446	0.319488196	0.096696384	0.299	0.107315668	0.059220241	0.45322704	0.014310667	0.063840909	-0.014364766	1
0.386133449	0.319043907	0.224667243	0.166956093	0.658310804	0.005155402	0.333312533	0.476736685	0.044280029	0.314752898	-0.031362472	1
0.432237526	0.455809501	0.323761996	0.068381476	0.406713056	0.049285987	0.005666985	0.319247023	0.028879281	0.041027778	-0.038844169	1
0.459697332	0.480505978	0.34725667	0.101781965	0.359827963	0.177704695	0.052835326	0.511015545	0.021147246	0.07067539	0.002122523	1
0.459192353	0.492057942	0.302424121	0.100654709	0.305521479	0.082309418	0.054577059	0.455965774	0.016747679	0.065419079	-0.013951767	1
0.457884243	0.493590813	0.307717675	0.095896105	0.299416337	0.094427442	0.059237907	0.454954413	0.014193686	0.064157048	-0.01398831	1
0.41796358	0.45698786	0.327397572	0.080241276	0.387251893	0.045880123	0.017397572	0.319247023	0.028879281	0.041027778	-0.038844169	1
0.469183438	0.484644973	0.334360951	0.096461535	0.335405319	0.198177514	0.055248519	0.503406089	0.025950433	0.073160945	-0.001042791	1
0.361030987	0.301596638	0.270885505	0.183565652	0.645109769	0.004	0.305465335	0.480187237	0.038628609	0.283715711	-0.022505404	1
0.409054141	0.455054141	0.32064862	0.08764862	0.343728762	0.054054141	0.059108281	0.319247023	0.028879281	0.041027778	-0.038844169	1
0.43223389	0.456794352	0.324323919	0.067706974	0.407732564	0.044881729	0.003794352	0.319247023	0.028879281	0.041027778	-0.038844169	1
0.424936923	0.349936923	0.229	0.204236711	0.681654854	0.005790928	0.320017719	0.47492075	0.047254224	0.331086957	-0.036023715	1
0.263541448	0.216	0.32787828	0.190331584	0.59370724	0.022917104	0.307873032	0.521006297	0.048884083	0.318041667	0.013755102	1
0.266650587	0.218129509	0.329307257	0.191171665	0.589478922	0.024304216	0.306650587	0.521006297	0.048884083	0.318041667	0.013755102	1
0.26940015	0.22140015	0.31559985	0.19322855	0.59214275	0.02277145	0.288856501	0.521006297	0.048884083	0.318041667	0.013755102	1
0.606031175	0.566778921	0.259769907	0.040097656	0.306524865	0.130296574	0.060375676	0.490044329	0.01215119	0.068525319	-0.005116185	1
0.267071327	0.219071327	0.335607704	0.203803852	0.586089158	0.024964337	0.30557204	0.521006297	0.048884083	0.318041667	0.013755102	1
0.447567467	0.487017559	0.343483364	0.135516636	0.419798523	0.158749538	0.067749538	0.50495364	0.024973599	0.072655452	-0.000399055	1
0.271478342	0.218739171	0.261476484	0.200739171	0.653477413	0.015956683	0.370567762	0.512624641	0.051984033	0.397484105	0.03158916	1
0.411973776	0.454985015	0.326981268	0.087007493	0.363097404	0.058966283	0.017127374	0.319247023	0.028879281	0.041027778	-0.038844169	1
0.271	0.222861677	0.315244903	0.192896258	0.591829936	0.023034581	0.281965419	0.521006297	0.048884083	0.318041667	0.013755102	1
0.453699521	0.488957336	0.329840749	0.130215151	0.393497607	0.171177273	0.061441707	0.481703146	0.039649611	0.08025	-0.010070588	1
0.408755637	0.451586818	0.322117364	0.086065909	0.392286182	0.049647909	0.045366544	0.319247023	0.028879281	0.041027778	-0.038844169	1
0.384566121	0.3263581	0.216830607	0.1596419	0.662490343	0.007245172	0.313982163	0.480021159	0.038900618	0.285209565	-0.022931704	1
0.267253276	0.266337924	0.267518374	0.116684381	0.765794625	0.132755256	0.20081955	0.506526356	0.044257209	0.253566642	0.007029797	1
0.364389981	0.307989265	0.259523259	0.177310377	0.649292486	0.005198569	0.30069678	0.481207516	0.036957565	0.274538462	-0.019886496	1
0.476913438	0.507699917	0.333526794	0.076226711	0.290373455	0.137120365	0.053926628	0.46449434	0.013840234	0.064102979	-0.010835766	1
0.258212862	0.215695459	0.363936544	0.198620542	0.627787138	0.035494057	0.276258702	0.51939041	0.048388302	0.306681519	0.013595696	1
0.247180325	0.23805574	0.306529093	0.135214748	0.727547964	0.117492224	0.218473353	0.518214177	0.047809821	0.274817803	0.015948676	1
0.476132368	0.508316551	0.332581288	0.075897839	0.289469058	0.134407173	0.054214391	0.461473664	0.013966353	0.06403272	-0.011781863	1
0.294465784	0.236465784	0.28287586	0.196763927	0.623192572	0.02	0.36893793	0.508571262	0.04957287	0.311222222	0.010046398	1
0.26325746	0.216193095	0.336	0.18715857	0.590678175	0.024064365	0.303193095	0.521006297	0.048884083	0.318041667	0.013755102	1
0.268141363	0.217497385	0.337958089	0.183863868	0.586209428	0.023141363	0.360157055	0.521641667	0.052047743	0.304655272	0.014476348	1
0.276689883	0.220675953	0.301358871	0.189296188	0.642909458	0.017682918	0.361463342	0.50898672	0.047710603	0.337298592	0.014672993	1
0.453033046	0.493613732	0.339806866	0.146321461	0.443221039	0.143033046	0.075933908	0.481703146	0.039649611	0.08025	-0.010070588	1
0.268021738	0.218255434	0.342182062	0.189255434	0.607182062	0.023627717	0.289190221	0.521006297	0.048884083	0.318041667	0.013755102	1
0.273975596	0.221215063	0.250838132	0.200521068	0.647102002	0.0171796	0.383228407	0.513612056	0.054820079	0.400125	0.034258824	1
0.274683966	0.222815647	0.314579396	0.202552285	0.586131681	0.024973664	0.314683966	0.521006297	0.048884083	0.318041667	0.013755102	1
0.290753739	0.234457264	0.288937234	0.200135684	0.611778845	0.021419605	0.352236109	0.512101829	0.049377309	0.313158405	0.011099377	1
0.459610728	0.494359002	0.312046738	0.108603827	0.326231022	0.098207653	0.055832183	0.461922614	0.022048265	0.068851652	-0.013053479	1
0.41511509	0.458028772	0.32411509	0.082370524	0.352863175	0.047255434	0.033679984	0.319247023	0.028879281	0.041027778	-0.038844169	1
0.444309455	0.473654728	0.327313755	0.119762179	0.379730662	0.201654728	0.065138969	0.501883863	0.026911282	0.073658165	-0.001675993	1
0.44706651	0.475088681	0.316894692	0.10893349	0.359645278	0.202290555	0.06195566	0.481545316	0.039509169	0.080159052	-0.010094389	1
0.274296299	0.223	0.314	0.201240747	0.586879626	0.024648149	0.309194467	0.521006297	0.048884083	0.318041667	0.013755102	1
0.271963849	0.218981925	0.250795316	0.200981925	0.648379583	0.016927699	0.385861252	0.513543628	0.054623542	0.399941987	0.034073817	1
0.302268677	0.247305314	0.287792386	0.188554957	0.652268677	0.015445043	0.395689295	0.509206484	0.046725523	0.351092151	0.017120312	1
0.265145873	0.217251759	0.3320659	0.189039986	0.590105886	0.024178823	0.305145873	0.521006297	0.048884083	0.318041667	0.013755102	1
0.454602375	0.49083828	0.331571218	0.133074186	0.398011873	0.166888721	0.061366469	0.481703146	0.039649611	0.08025	-0.010070588	1
0.303907396	0.247442373	0.276953364	0.197465023	0.635303133	0.017697535	0.378256497	0.508892358	0.048133577	0.3313759	0.01362216	1
0.309488876	0.257209816	0.265139738	0.195232481	0.666744438	0.01267436	0.404302558	0.51088281	0.046981159	0.392825483	0.026879791	1
0.409312851	0.453464486	0.323848365	0.085611331	0.386843574	0.046611331	0.037137264	0.319247023	0.028879281	0.041027778	-0.038844169	1
0.415266333	0.340266333	0.229	0.198234276	0.676319356	0.00545746	0.328020966	0.47492075	0.047254224	0.331086957	-0.036023715	1
0.469594552	0.484823718	0.334682693	0.096229166	0.334949518	0.198088141	0.055123397	0.503808299	0.025696553	0.073029567	-0.000875483	1
0.48609032	0.500455011	0.34463565	0.080090661	0.300999318	0.168997953	0.050545672	0.499984597	0.012358441	0.064928459	0.000280041	1
0.274992611	0.227243073	0.356987069	0.173257851	0.581256004	0.020252309	0.249782789	0.523224853	0.059930814	0.271299633	0.016273517	1
0.271179742	0.218589871	0.268045683	0.200589871	0.656612712	0.015359483	0.361161863	0.512059439	0.050360665	0.395972442	0.030061031	1
0.263978893	0.216	0.321316607	0.193831143	0.595894464	0.022042214	0.311810036	0.521006297	0.048884083	0.318041667	0.013755102	1
0.393238641	0.327973484	0.221698868	0.173937509	0.666566289	0.006460226	0.323424251	0.477980784	0.042242406	0.303562421	-0.02816905	1
0.435657308	0.473845111	0.342154889	0.138441432	0.449291381	0.162807359	0.077159728	0.522480887	0.013910174	0.066930348	0.006891773	1
0.266475155	0.217909549	0.317959239	0.170375775	0.580819099	0.020171972	0.263335014	0.522680431	0.057220007	0.282769871	0.015655512	1
0.454799059	0.485398745	0.30465149	0.101200941	0.318405018	0.119810036	0.056800627	0.46319591	0.023181284	0.069585377	-0.012861467	1
0.441354897	0.475548966	0.33787062	0.143292003	0.441619044	0.175867029	0.079292003	0.510735144	0.021324239	0.070766981	0.002005884	1
0.454378481	0.492067722	0.342675696	0.134337848	0.397979683	0.167222721	0.062979683	0.496602767	0.030244777	0.075383184	-0.003872776	1
0.433604189	0.455864168	0.32354333	0.067124146	0.409665049	0.048629989	0.004901654	0.319247023	0.028879281	0.041027778	-0.038844169	1
0.435920741	0.473460371	0.342539629	0.136920741	0.441388703	0.168762223	0.075	0.526706783	0.011242734	0.06555	0.008649624	1
0.538647611	0.535075822	0.275941923	0.065444343	0.302505646	0.105019359	0.061003226	0.467771883	0.013325664	0.066502867	-0.011194925	1
0.411427996	0.456144008	0.322995971	0.087	0.339547828	0.057283987	0.043312193	0.319247023	0.028879281	0.041027778	-0.038844169	1
0.420816377	0.346510715	0.229	0.199436499	0.678288066	0.005537108	0.321711934	0.47492075	0.047254224	0.331086957	-0.036023715	1
0.360781981	0.305694774	0.244569736	0.165915679	0.665953509	0.007825585	0.266438924	0.481207516	0.036957565	0.274538462	-0.019886496	1
0.304809268	0.255792919	0.264163485	0.193038146	0.633196182	0.019961854	0.324	0.513591426	0.054760826	0.400069824	0.034203047	1
0.443819667	0.473409834	0.329191276	0.121721332	0.383322441	0.201409834	0.065710388	0.505557571	0.02459239	0.072458184	-0.000147837	1
0.372461974	0.311870767	0.239086155	0.171989009	0.667559121	0.007161319	0.285687465	0.479449986	0.039836103	0.290347179	-0.024397822	1
0.411184458	0.454533976	0.32641747	0.087233012	0.366029155	0.057951446	0.020961203	0.319247023	0.028879281	0.041027778	-0.038844169	1
0.357261406	0.300765969	0.269917876	0.180702094	0.649054749	0.005009125	0.28967472	0.481207516	0.036957565	0.274538462	-0.019886496	1
0.267187713	0.219	0.336656994	0.203343006	0.587360916	0.024953072	0.304826796	0.521006297	0.048884083	0.318041667	0.013755102	1
0.269676999	0.219	0.345369496	0.194630504	0.605408241	0.02433075	0.289268758	0.521006297	0.048884083	0.318041667	0.013755102	1
0.448839171	0.487075346	0.342341705	0.137763825	0.417663364	0.165924654	0.068291475	0.50657958	0.023947285	0.072124355	0.000277289	1
0.418596482	0.343596482	0.229	0.200301264	0.67815668	0.005572292	0.325264981	0.47492075	0.047254224	0.331086957	-0.036023715	1
0.278055916	0.231393368	0.362288848	0.167603542	0.582445062	0.022186283	0.230898569	0.523815757	0.063296777	0.255479465	0.017121424	1
0.441472576	0.481321884	0.334678116	0.160040997	0.504951801	0.134561773	0.096267036	0.485094002	0.037509259	0.07914241	-0.00866009	1
0.465922184	0.494305697	0.348139879	0.084388606	0.30205697	0.168699396	0.056331636	0.475689578	0.013372809	0.064363373	-0.007329336	1
0.388200043	0.329190911	0.215336377	0.163109153	0.66590911	0.007427267	0.316354641	0.480007303	0.038923311	0.285334193	-0.022967269	1
0.29560338	0.245797955	0.272054246	0.194879324	0.642665095	0.018120676	0.324	0.512595697	0.0519009	0.397406692	0.031510905	1
0.437911679	0.47251472	0.34154416	0.13454416	0.424074085	0.182499516	0.072088321	0.526706783	0.011242734	0.06555	0.008649624	1
0.464590303	0.49808105	0.30992598	0.088800889	0.292645818	0.094379717	0.054372687	0.45322704	0.014310667	0.063840909	-0.014364766	1
0.267842468	0.218210617	0.341711479	0.189210617	0.606711479	0.023605309	0.289683212	0.521006297	0.048884083	0.318041667	0.013755102	1
0.442427311	0.479206245	0.341467361	0.139221066	0.429612739	0.173793755	0.072663197	0.519695808	0.015668152	0.067840067	0.005733261	1
0.441419899	0.472209949	0.338390387	0.131320404	0.400920741	0.200209949	0.068510118	0.523557286	0.013230737	0.066578753	0.007339524	1
0.277873342	0.229802926	0.360972106	0.167873342	0.577647919	0.018929584	0.233197074	0.523966194	0.063622133	0.255680556	0.017115058	1
0.439746488	0.472208919	0.340626756	0.133626756	0.41214783	0.192896764	0.070253512	0.526706783	0.011242734	0.06555	0.008649624	1
0.293490023	0.243503454	0.273865694	0.195301995	0.644838833	0.017698005	0.324	0.512367111	0.051244358	0.396795328	0.030892881	1
0.451827064	0.49103383	0.340358647	0.144489473	0.425738349	0.157476697	0.066021055	0.497843556	0.029461576	0.074977892	-0.003356644	1
0.423187545	0.458729182	0.327745836	0.074320782	0.408496017	0.0343874	0.017745836	0.319247023	0.028879281	0.041027778	-0.038844169	1
0.268932966	0.220932966	0.316067034	0.193295291	0.592476453	0.022704709	0.290858718	0.521006297	0.048884083	0.318041667	0.013755102	1
0.426678376	0.454387246	0.322677449	0.072063769	0.407968579	0.047967652	0.018482437	0.319247023	0.028879281	0.041027778	-0.038844169	1
0.278171831	0.226171831	0.290519405	0.198940689	0.669756651	0.01269734	0.337165728	0.509826378	0.043946884	0.39	0.024023529	1
0.269180272	0.217726757	0.297688776	0.199180272	0.659026643	0.014229592	0.322360544	0.511353793	0.044621411	0.380168957	0.022620643	1
0.442568314	0.481441581	0.343291089	0.135708911	0.429027728	0.161633665	0.070633665	0.513606719	0.019511664	0.069829008	0.003200376	1
0.26534154	0.21734154	0.3277077	0.1984718	0.5915282	0.02334154	0.30931692	0.521006297	0.048884083	0.318041667	0.013755102	1
0.288697716	0.233069797	0.291453426	0.193366307	0.612215165	0.021186041	0.362552348	0.512258376	0.049368638	0.313244257	0.011146066	1
0.432802191	0.457679123	0.325098904	0.066518685	0.419938466	0.038184602	0.009296713	0.319247023	0.028879281	0.041027778	-0.038844169	1
0.269975172	0.221975172	0.319636553	0.195818276	0.589718965	0.023512414	0.288148967	0.521006297	0.048884083	0.318041667	0.013755102	1
0.270776973	0.218388486	0.276906603	0.200388486	0.660841788	0.014553945	0.348474636	0.511297062	0.048170971	0.393933424	0.027999801	1
0.382123334	0.327123334	0.216366231	0.157652753	0.664244783	0.008	0.303573044	0.481207516	0.036957565	0.274538462	-0.019886496	1
0.230745942	0.250714833	0.277881427	0.098788099	0.803481514	0.180600766	0.17637331	0.516283532	0.047071554	0.245422909	0.017413883	1
0.261138932	0.238442112	0.331626814	0.142580503	0.662095862	0.079281105	0.211162087	0.521120085	0.057466747	0.251876136	0.0172355	1
0.27194274	0.218777096	0.296137013	0.196891617	0.661423316	0.014359918	0.334879341	0.509582542	0.045039867	0.37469553	0.021308137	1
0.357986346	0.301128228	0.27438884	0.183942713	0.644489759	0.004283764	0.298638468	0.481207516	0.036957565	0.274538462	-0.019886496	1
0.427080404	0.455603216	0.324587135	0.073126028	0.395573673	0.051761406	0.008554974	0.319247023	0.028879281	0.041027778	-0.038844169	1
0.45364462	0.493695389	0.34427387	0.085761528	0.299	0.154700045	0.059949231	0.45322704	0.014310667	0.063840909	-0.014364766	1
0.381392194	0.326392194	0.217288103	0.157907063	0.664340149	0.008	0.30223792	0.481207516	0.036957565	0.274538462	-0.019886496	1
0.272911353	0.220021821	0.250386635	0.200779066	0.647585748	0.01708285	0.385260143	0.513612056	0.054820079	0.400125	0.034258824	1
0.452053621	0.481738162	0.308998433	0.103946379	0.333047353	0.149094707	0.058630919	0.469710858	0.028978492	0.073339556	-0.011879017	1
0.418577112	0.457192371	0.327438474	0.07954594	0.389746922	0.044530354	0.017438474	0.319247023	0.028879281	0.041027778	-0.038844169	1
0.453424444	0.49409647	0.338032157	0.151919608	0.449517648	0.141408366	0.073135033	0.481703146	0.039649611	0.08025	-0.010070588	1
0.396093252	0.327656305	0.22407771	0.179170962	0.667359237	0.005984458	0.328499115	0.476983769	0.043875348	0.312530418	-0.030728244	1
0.300348751	0.250883627	0.271752081	0.194550416	0.625713044	0.020775208	0.322604625	0.514758471	0.053899753	0.387398667	0.031079894	1
0.263108955	0.216054477	0.335727613	0.185891045	0.590963682	0.024	0.303889796	0.521006297	0.048884083	0.318041667	0.013755102	1
0.446033601	0.474516801	0.320704529	0.112865596	0.367086926	0.202516801	0.063127465	0.488951724	0.035074215	0.077882322	-0.007055389	1
0.435604046	0.456558382	0.323697977	0.064837572	0.417977168	0.044068497	0.005093931	0.319247023	0.028879281	0.041027778	-0.038844169	1
0.483240197	0.494749749	0.35124824	0.083500503	0.306497486	0.184241202	0.051003016	0.508318377	0.012010488	0.065122298	0.002890242	1
0.427388347	0.459844661	0.327805826	0.069766992	0.423728157	0.026815529	0.017417479	0.319247023	0.028879281	0.041027778	-0.038844169	1
0.384909797	0.324754283	0.218548983	0.161245717	0.661573876	0.006786938	0.318220824	0.479300957	0.040080187	0.29168767	-0.024780358	1
0.274092093	0.220388753	0.313593319	0.18185167	0.60797962	0.02214833	0.364961692	0.515249901	0.049202935	0.314884826	0.012038278	1
0.286220509	0.231487021	0.292719352	0.197366744	0.613507068	0.020653302	0.349034182	0.512633182	0.049347877	0.313449802	0.011257851	1
0.265754096	0.216926227	0.328401633	0.155754096	0.573860655	0.018172131	0.246073773	0.523966194	0.063622133	0.255680556	0.017115058	1
0.36441783	0.303344687	0.265422854	0.181926856	0.646530058	0.004	0.310490974	0.479500389	0.03975355	0.289893805	-0.024268444	1
0.263277985	0.217208489	0.328478777	0.188173741	0.593895755	0.023	0.302270288	0.521006297	0.048884083	0.318041667	0.013755102	1
0.450799144	0.485311962	0.33273931	0.095974364	0.326893175	0.178576932	0.06091453	0.466248171	0.025897283	0.071344215	-0.012401188	1
0.460684046	0.501684046	0.343368092	0.136895723	0.398949423	0.150210115	0.060157977	0.481703146	0.039649611	0.08025	-0.010070588	1
0.4580281	0.49158314	0.307330242	0.09466744	0.29658314	0.091133543	0.05516628	0.45322704	0.014310667	0.063840909	-0.014364766	1
0.266290831	0.21605677	0.332929263	0.168220094	0.590276864	0.020468123	0.262163325	0.522748629	0.057559579	0.281333043	0.015732927	1
0.437798049	0.474399024	0.341600976	0.138798049	0.438103415	0.174394147	0.075	0.526706783	0.011242734	0.06555	0.008649624	1
0.263553412	0.216415059	0.336	0.188490356	0.590308235	0.024138353	0.303415059	0.521006297	0.048884083	0.318041667	0.013755102	1
0.412929218	0.455530982	0.327132745	0.085805291	0.365522163	0.056345092	0.0155398	0.319247023	0.028879281	0.041027778	-0.038844169	1
0.491811938	0.494969537	0.352786758	0.083060926	0.308695369	0.19193379	0.048365558	0.52446836	0.011336193	0.065497936	0.007948534	1
0.43614162	0.47357081	0.34242919	0.13714162	0.441002166	0.169424859	0.075	0.526706783	0.011242734	0.06555	0.008649624	1
0.512748086	0.530290072	0.22443128	0.05656872	0.343454247	0.04374043	0.157851136	0.498111912	0.027628825	0.140607143	-0.001934066	2
0.265574593	0.213659674	0.327170163	0.20777127	0.589856352	0.026085081	0.329281759	0.521006297	0.048884083	0.318041667	0.013755102	2
0.422593946	0.348038214	0.221	0.188704616	0.667074839	0.003925955	0.384114642	0.47492075	0.047254224	0.331086957	-0.036023715	2
0.206867726	0.221660054	0.403358466	0.244264548	0.725187835	0.113566137	0.332132274	0.498077238	0.02760251	0.324315789	-0.003298246	2
0.517390429	0.536591941	0.236622167	0.045420655	0.313957178	0.063128465	0.156395464	0.498111912	0.027628825	0.140607143	-0.001934066	2
0.605011725	0.579106897	0.18738069	0.062083448	0.437238619	0.103018275	0.082809655	0.482269872	0.012343833	0.06915625	-0.008035294	2
0.475815434	0.514246596	0.405363087	0.159877465	0.291526467	0.164281397	0.078219366	0.493076494	0.016206891	0.085642857	-0.00436044	2
0.536647184	0.560287062	0.172360122	0.084610655	0.556007306	0.124131507	0.077007306	0.537073267	0.015077732	0.0702	0.008701224	2
0.5047627	0.523635584	0.198478776	0.082521224	0.413326373	0.003813501	0.145207609	0.498111912	0.027628825	0.140607143	-0.001934066	2
0.473567603	0.528860098	0.244176876	0.041689018	0.286018487	0.069774558	0.096353753	0.50919736	0.013670194	0.112994144	0.005664548	2
0.275503666	0.2198044	0.329251833	0.171276283	0.634545234	0.018601467	0.263154033	0.512614928	0.049348888	0.313439792	0.011252407	2
0.40054993	0.364267583	0.237223629	0.133771799	0.642729606	0.027335444	0.271107243	0.477184567	0.041098597	0.31805515	-0.031956051	2
0.196724885	0.207362443	0.424912672	0.177314511	0.703986868	0.098637557	0.274013132	0.4975	0.027220165	0.283	-0.004885714	2
0.444074721	0.374894403	0.202368532	0.196015085	0.658661638	0.005015085	0.368413788	0.509431652	0.040304876	0.337778734	0.011437733	2
0.633166448	0.585805373	0.215444036	0.042222281	0.345611534	0.136083749	0.062222281	0.482269872	0.012343833	0.06915625	-0.008035294	2
0.278010144	0.227129738	0.356816872	0.175956754	0.577402029	0.008033102	0.267727709	0.523966194	0.063622133	0.255680556	0.017115058	2
0.527749677	0.557985427	0.18857351	0.101801974	0.508654953	0.017742391	0.093749677	0.525900895	0.018676823	0.090389615	0.005651499	2
0.414996112	0.341670617	0.217650991	0.182866692	0.663498056	0.004	0.363337346	0.47492075	0.047254224	0.331086957	-0.036023715	2
0.492955705	0.491355298	0.315980435	0.078838316	0.332019565	0.252678666	0.084019565	0.45322704	0.014310667	0.063840909	-0.014364766	2
0.557812814	0.727761243	0.276312902	0.01839677	0.14839677	0.065809689	0.102458066	0.514200683	0.007370083	0.10053125	0.009094118	2
0.522719711	0.507384673	0.307307663	0.068208393	0.299183575	0.231248176	0.092186132	0.484092167	0.010797313	0.082413721	-0.002489776	2
0.187454657	0.200500122	0.451158519	0.205817893	0.675750061	0.100954534	0.231136641	0.509759532	0.045433389	0.238973684	0.012645614	2
0.20744918	0.21844918	0.439166557	0.182558033	0.689123279	0.11560131	0.270558033	0.491034073	0.028618357	0.296810573	-0.017592379	2
0.451763117	0.380398595	0.200533802	0.195228772	0.658923743	0.004228772	0.364220118	0.509019988	0.038875493	0.331639195	0.00919043	2
0.415065972	0.352008017	0.217431566	0.171884091	0.665813194	0.018352651	0.343199748	0.588953126	0.193606894	0.450522575	0.267323063	2
0.288748567	0.235685708	0.335528562	0.176974305	0.616025695	0.023968571	0.279005734	0.521006297	0.048884083	0.318041667	0.013755102	2
0.208363075	0.222817433	0.406999485	0.246364104	0.730088711	0.112818462	0.320092827	0.498077238	0.02760251	0.324315789	-0.003298246	2
0.250628712	0.202314356	0.414	0.166514848	0.568	0.022314356	0.237801967	0.523966194	0.063622133	0.255680556	0.017115058	2
0.464799974	0.506034283	0.348485759	0.10037144	0.322925764	0.124508571	0.069525712	0.387385333	0.021470111	0.052629868	-0.026394662	2
0.28042863	0.230521064	0.367117792	0.163974642	0.612781595	0.023815133	0.341352555	0.521006297	0.048884083	0.318041667	0.013755102	2
0.204750708	0.217750708	0.366966027	0.255254954	0.73326911	0.115	0.330495753	0.498077238	0.02760251	0.324315789	-0.003298246	2
0.468924595	0.477641532	0.323410383	0.088306554	0.330334978	0.219618041	0.078641532	0.45322704	0.014310667	0.063840909	-0.014364766	2
0.330489096	0.272911381	0.232333267	0.191155631	0.654488898	0.018288858	0.340733744	0.509803478	0.050855544	0.332954405	0.015965098	2
0.193372789	0.205686394	0.429940817	0.183534468	0.67321111	0.100313606	0.229982312	0.506954574	0.041266237	0.249046824	0.008634478	2
0.53430792	0.555847518	0.175461141	0.080156176	0.554844563	0.137073286	0.078615839	0.537073267	0.015077732	0.0702	0.008701224	2
0.216840994	0.227840994	0.431561798	0.202017705	0.684505278	0.124738509	0.274533538	0.489644995	0.029065684	0.312106056	-0.020190873	2
0.233	0.246161221	0.425	0.287032672	0.743967328	0.109322443	0.335032672	0.486204995	0.029662597	0.307125	-0.027082353	2
0.385202374	0.315991467	0.219523651	0.162460582	0.644124838	0.003070302	0.279327211	0.477309586	0.046635943	0.331000203	-0.032891021	2
0.535575639	0.561837592	0.156878194	0.11880812	0.546778648	0.047291426	0.070645713	0.537073267	0.015077732	0.0702	0.008701224	2
0.26686554	0.213665962	0.324967441	0.200668075	0.609329812	0.02406723	0.321435939	0.51644766	0.04913659	0.315541684	0.012395505	2
0.53281483	0.575943369	0.174928091	0.116128539	0.525	0.060544714	0.079642697	0.537073267	0.015077732	0.0702	0.008701224	2
0.455478821	0.51201836	0.25711725	0.052012724	0.279552263	0.074368659	0.087877114	0.502229854	0.008732713	0.093327912	0.004488484	2
0.32550744	0.266947729	0.23844029	0.18374628	0.65155971	0.02	0.357044637	0.508571262	0.04957287	0.311222222	0.010046398	2
0.46292559	0.479975317	0.331380398	0.094471143	0.327363702	0.202297279	0.07592559	0.457508505	0.014514399	0.066183332	-0.013289891	2
0.327765406	0.27800146	0.208101583	0.202157369	0.645404872	0.016224604	0.370922775	0.511868154	0.049811257	0.39546084	0.029543856	2
0.210459521	0.227496722	0.40380744	0.237080958	0.740452965	0.111770239	0.328540479	0.498077238	0.02760251	0.324315789	-0.003298246	2
0.496116291	0.52016873	0.315871327	0.084532896	0.29861107	0.089675892	0.068792183	0.457367745	0.014507701	0.066106321	-0.013325229	2
0.263636007	0.214636007	0.329	0.198908021	0.59304599	0.022	0.450501962	0.521006297	0.048884083	0.318041667	0.013755102	2
0.503971402	0.524741765	0.299506936	0.07472704	0.294760831	0.083349221	0.074502596	0.458166707	0.015776356	0.072289181	-0.012996744	2
0.26345587	0.21445587	0.329	0.198367611	0.593316195	0.022	0.451492713	0.521006297	0.048884083	0.318041667	0.013755102	2
0.536281323	0.578	0.171291569	0.116854216	0.526708431	0.072271078	0.081989755	0.537073267	0.015077732	0.0702	0.008701224	2
0.25982169	0.208183823	0.404452207	0.180634192	0.57718566	0.020634192	0.244812502	0.516184746	0.058769575	0.259112416	0.010381322	2
0.539303653	0.567671233	0.15750685	0.105671233	0.561150684	0.066278539	0.068671233	0.537073267	0.015077732	0.0702	0.008701224	2
0.224909622	0.236951335	0.403006952	0.274714963	0.742034761	0.110006952	0.326006952	0.486287532	0.029648275	0.307244513	-0.026917003	2
0.207725693	0.220193451	0.412214946	0.196322419	0.679978505	0.111747188	0.261128968	0.497729116	0.0373785	0.273781785	-0.007645338	2
0.501950938	0.698062524	0.275252233	0.015921877	0.145921877	0.073234369	0.103165178	0.514200683	0.007370083	0.10053125	0.009094118	2
0.312336766	0.253113628	0.258210781	0.184556814	0.645782011	0.020888431	0.309115688	0.51133318	0.049419885	0.312736874	0.01087013	2
0.174362962	0.186362962	0.509435019	0.232160942	0.667482827	0.102119865	0.206198654	0.509759532	0.045433389	0.238973684	0.012645614	2
0.491706503	0.627550407	0.272987154	0.02279084	0.186214742	0.093141301	0.105688076	0.514200683	0.007370083	0.10053125	0.009094118	2
0.541543278	0.571915284	0.165627993	0.098686923	0.554171271	0.091082876	0.075171271	0.537073267	0.015077732	0.0702	0.008701224	2
0.202464059	0.213464059	0.433433667	0.185798362	0.693859144	0.108372885	0.273798362	0.493849421	0.028009566	0.290797271	-0.012059733	2
0.472661769	0.4913987	0.321075162	0.092481209	0.308157672	0.169615993	0.074112744	0.45322704	0.014310667	0.063840909	-0.014364766	2
0.205406038	0.219109057	0.375582261	0.244375848	0.73971472	0.112890943	0.341327171	0.498077238	0.02760251	0.324315789	-0.003298246	2
0.257999851	0.208181703	0.393273113	0.165090889	0.573454444	0.020909111	0.234818074	0.523966194	0.063622133	0.255680556	0.017115058	2
0.62385891	0.604125245	0.214266334	0.049887128	0.381746039	0.061934663	0.068915346	0.482269872	0.012343833	0.06915625	-0.008035294	2
0.192187764	0.205225316	0.430873419	0.19158692	0.662713501	0.100962447	0.220351897	0.509759532	0.045433389	0.238973684	0.012645614	2
0.57281951	0.570510694	0.181503565	0.064748218	0.490893062	0.241686316	0.074524952	0.523274742	0.014389385	0.069937202	0.004487265	2
0.228977988	0.241475237	0.413939467	0.281464231	0.742497249	0.109502751	0.330972485	0.486204995	0.029662597	0.307125	-0.027082353	2
0.209185947	0.220486825	0.443265746	0.187521958	0.698	0.120274529	0.298716688	0.49790356	0.027487471	0.311884764	-0.003775881	2
0.433975534	0.359830055	0.21501835	0.192139362	0.666151595	0.004	0.384454785	0.484599478	0.044749166	0.330735459	-0.023331135	2
0.535	0.577262261	0.172299148	0.116110661	0.525959061	0.066967165	0.078557357	0.537073267	0.015077732	0.0702	0.008701224	2
0.251219129	0.202609564	0.414	0.168876515	0.568	0.022609564	0.246067801	0.523966194	0.063622133	0.255680556	0.017115058	2
0.480866049	0.47219289	0.233754507	0.114721382	0.637524111	0.064652704	0.317224061	0.496028029	0.03143679	0.306246311	-0.006300898	2
0.603132533	0.576544363	0.18464732	0.063279297	0.44270536	0.107374584	0.08417634	0.482269872	0.012343833	0.06915625	-0.008035294	2
0.267541657	0.215377596	0.370932323	0.171458343	0.580213535	0.020114586	0.246671879	0.523966194	0.063622133	0.255680556	0.017115058	2
0.28044052	0.230532254	0.367147167	0.163944567	0.612798381	0.023816532	0.341274221	0.521006297	0.048884083	0.318041667	0.013755102	2
0.42159137	0.371362761	0.196646134	0.184490077	0.658854896	0.017749485	0.429074611	0.512483279	0.050900738	0.383290493	0.028096758	2
0.266608108	0.219173423	0.347057056	0.181377628	0.579085585	0.024	0.327579579	0.521006297	0.048884083	0.318041667	0.013755102	2
0.20518985	0.21618985	0.44080587	0.184894528	0.698978906	0.114316417	0.285658209	0.497794707	0.02741537	0.304093662	-0.004075237	2
0.263956951	0.216899553	0.342799106	0.18533004	0.573258292	0.024043049	0.327114796	0.521006297	0.048884083	0.318041667	0.013755102	2
0.536694387	0.561630829	0.156662608	0.11440095	0.551726166	0.051618653	0.068936442	0.537073267	0.015077732	0.0702	0.008701224	2
0.643278871	0.593755632	0.237371828	0.036569718	0.314284859	0.111244368	0.059668663	0.482269872	0.012343833	0.06915625	-0.008035294	2
0.290682686	0.241395599	0.353673074	0.172039838	0.618741747	0.02095055	0.321663463	0.521006297	0.048884083	0.318041667	0.013755102	2
0.535087135	0.562707457	0.162446053	0.114358918	0.537738596	0.043773832	0.070707457	0.537073267	0.015077732	0.0702	0.008701224	2
0.396918024	0.326343542	0.212148964	0.169504627	0.654459012	0.004	0.314605108	0.47492075	0.047254224	0.331086957	-0.036023715	2
0.263910728	0.212749199	0.377958568	0.165896917	0.577484587	0.020103083	0.239116893	0.523966194	0.063622133	0.255680556	0.017115058	2
0.203863525	0.217528228	0.370961219	0.133744723	0.74947938	0.128050564	0.223756506	0.497250827	0.02321624	0.23721836	-0.003784334	2
0.266609015	0.217001691	0.37971042	0.169893522	0.573357747	0.013427605	0.250966762	0.523966194	0.063622133	0.255680556	0.017115058	2
0.53490971	0.576103915	0.171826233	0.115729131	0.526444636	0.064659279	0.077735943	0.537073267	0.015077732	0.0702	0.008701224	2
0.52602363	0.551376655	0.24502363	0.027623345	0.309988185	0.068353025	0.12624669	0.498111912	0.027628825	0.140607143	-0.001934066	2
0.210225959	0.221546739	0.438414258	0.185981842	0.686453261	0.119018158	0.280076663	0.489828207	0.028879114	0.299386181	-0.019962114	2
0.180543852	0.192357333	0.490265038	0.224979704	0.675595555	0.101440444	0.218615851	0.507472902	0.042036286	0.247185407	0.009375697	2
0.325205894	0.267409769	0.237124343	0.183693177	0.650266047	0.02	0.364287444	0.50862244	0.04934347	0.314434397	0.010616317	2
0.441091071	0.495727499	0.379	0.102681964	0.357	0.119272856	0.068590893	0.319247023	0.028879281	0.041027778	-0.038844169	2
0.272869228	0.219093584	0.322130772	0.166098079	0.63042501	0.018257049	0.261803841	0.497019724	0.045206987	0.300547398	-0.012964247	2
0.28761848	0.353677704	0.383087669	0.181364932	0.642137433	0.076087669	0.405630337	0.539556748	0.076489436	0.362800579	0.051058209	2
0.538415349	0.565318604	0.159366976	0.109729768	0.552463721	0.063419533	0.070903256	0.537073267	0.015077732	0.0702	0.008701224	2
0.468076924	0.483247865	0.322094017	0.092226496	0.317072648	0.191521363	0.075641025	0.45322704	0.014310667	0.063840909	-0.014364766	2
0.492838974	0.501129676	0.307774136	0.059000713	0.277032776	0.085	0.050903812	0.521562267	0.016008112	0.051638079	-0.001059242	2
0.263348733	0.214348733	0.329	0.198046199	0.593476901	0.022	0.452081969	0.521006297	0.048884083	0.318041667	0.013755102	2
0.361147202	0.2946197	0.225635934	0.168344681	0.646399685	0.008254058	0.286907802	0.485320853	0.04797083	0.324947517	-0.021785182	2
0.213093883	0.224093883	0.436718352	0.211	0.689425499	0.124839794	0.308088732	0.493485822	0.028399218	0.317667503	-0.012496401	2
0.38	0.31193673	0.20788578	0.15718981	0.64581019	0.00393673	0.26925308	0.47492075	0.047254224	0.331086957	-0.036023715	2
0.164088275	0.175950754	0.529497487	0.232261474	0.667225796	0.102449916	0.200376885	0.50807359	0.042928689	0.245028225	0.010234689	2
0.206728531	0.221433863	0.403341066	0.244542938	0.724596256	0.113635735	0.332271469	0.498077238	0.02760251	0.324315789	-0.003298246	2
0.369290732	0.322631153	0.218617056	0.202411371	0.657248209	0.012886526	0.41519852	0.513612056	0.054820079	0.400125	0.034258824	2
0.323686519	0.266063051	0.235535906	0.184280208	0.649644485	0.02	0.362837132	0.50866578	0.049149197	0.317154691	0.011098965	2
0.389322209	0.335164147	0.228359639	0.148101917	0.642877339	0.014039458	0.272141375	0.475947701	0.044461804	0.325175247	-0.034178472	2
0.212325284	0.223325284	0.423031767	0.205583226	0.684416774	0.116809401	0.269837358	0.489118447	0.029032592	0.300902158	-0.021356916	2
0.48501925	0.518279872	0.338301516	0.092560542	0.311360862	0.100300718	0.068319968	0.46677649	0.014955413	0.071253919	-0.010963136	2
0.158268889	0.170268889	0.545268889	0.236623889	0.659623889	0.103	0.192935001	0.509759532	0.045433389	0.238973684	0.012645614	2
0.454889598	0.438044698	0.236028734	0.136286507	0.651438414	0.043587128	0.319854479	0.497510168	0.032245419	0.308964443	-0.004592469	2
0.425431347	0.440723793	0.342754676	0.133390749	0.359335508	0.182779035	0.074177903	0.483855584	0.011906458	0.065100834	-0.006514201	2
0.231065182	0.243823329	0.41967925	0.28485592	0.742758148	0.109241852	0.333581477	0.486204995	0.029662597	0.307125	-0.027082353	2
0.495665593	0.428086265	0.187303439	0.169141364	0.636165494	0.033765534	0.376355119	0.509338902	0.039982829	0.336395464	0.010931404	2
0.257644548	0.207336195	0.401860788	0.181355452	0.574027842	0.022588863	0.250383295	0.523966194	0.063622133	0.255680556	0.017115058	2
0.535	0.559991639	0.155892057	0.118701254	0.548410869	0.042788294	0.068194983	0.537073267	0.015077732	0.0702	0.008701224	2
0.216395826	0.227496522	0.382856464	0.267762725	0.726704869	0.113100696	0.315071768	0.490560904	0.028906754	0.313432275	-0.018355999	2
0.275780596	0.222780596	0.340626791	0.170051268	0.618982911	0.02466097	0.2469344	0.489107275	0.040389601	0.291651584	-0.035866432	2
0.285904743	0.312698013	0.379460276	0.173666599	0.633222132	0.058491893	0.379158491	0.533282387	0.067152415	0.34766167	0.038441094	2
0.202028975	0.213028975	0.424903823	0.195754931	0.694245069	0.105577064	0.274985512	0.494404668	0.0278895	0.289611319	-0.010968577	2
0.462971103	0.47980692	0.3310254	0.094366464	0.327263574	0.202665931	0.075971103	0.45732714	0.014505769	0.066084106	-0.013335423	2
0.254371185	0.204919531	0.408354321	0.172677481	0.569467876	0.021870864	0.262645679	0.523966194	0.063622133	0.255680556	0.017115058	2
0.400723236	0.352100622	0.203742116	0.185157262	0.667	0.013540871	0.423125937	0.532202183	0.089065207	0.412560413	0.091766553	2
0.540715937	0.568505778	0.158579684	0.102568127	0.562346411	0.073875304	0.069863747	0.537073267	0.015077732	0.0702	0.008701224	2
0.480543558	0.482608339	0.322569621	0.081233061	0.33825242	0.238226357	0.08200968	0.45322704	0.014310667	0.063840909	-0.014364766	2
0.572051208	0.569808144	0.18229303	0.061929054	0.484503381	0.266119668	0.070191856	0.528215465	0.014635855	0.0700313	0.005996122	2
0.155405783	0.167405783	0.542405783	0.227318796	0.650318796	0.103	0.212260963	0.509759532	0.045433389	0.238973684	0.012645614	2
0.532096436	0.570915723	0.187497834	0.115245003	0.527425716	0.050056463	0.089148568	0.537073267	0.015077732	0.0702	0.008701224	2
0.453319418	0.381347009	0.200193138	0.194678103	0.658852847	0.003990803	0.362172265	0.508587706	0.038540509	0.32986429	0.00812677	2
0.196202943	0.207304415	0.424985285	0.191522073	0.699797057	0.099101472	0.281450032	0.4975	0.027220165	0.283	-0.004885714	2
0.597962021	0.578701481	0.172905053	0.065345993	0.462151915	0.147014805	0.078943032	0.500711117	0.013263785	0.06950747	-0.002403485	2
0.453554581	0.38168112	0.200106293	0.195045554	0.658984815	0.004045554	0.363242956	0.508924066	0.038542435	0.330208629	0.008666788	2
0.368302217	0.479291715	0.245070303	0.033412121	0.258774139	0.054125656	0.103417372	0.511613479	0.010627852	0.106975776	0.007320697	2
0.390819642	0.33569685	0.219194935	0.187754416	0.660963928	0.015707597	0.376703768	0.551722753	0.125024314	0.425618223	0.152152564	2
0.484680559	0.688880803	0.274924314	0.015156734	0.145156734	0.075529799	0.10338379	0.514200683	0.007370083	0.10053125	0.009094118	2
0.27178431	0.21478431	0.32321569	0.175612736	0.642303923	0.017044116	0.270617627	0.508571262	0.04957287	0.311222222	0.010046398	2
0.525691232	0.564036848	0.20635642	0.112121347	0.525	0.020680428	0.09063596	0.537073267	0.015077732	0.0702	0.008701224	2
0.546996171	0.616671202	0.257058982	0.034955764	0.261099959	0.07951666	0.104848717	0.502742595	0.021797938	0.129072468	0.001240075	2
0.630693978	0.58221948	0.220591971	0.033423495	0.312711747	0.12278052	0.063339256	0.482269872	0.012343833	0.06915625	-0.008035294	2
0.254047602	0.204698401	0.409277798	0.176817406	0.571373002	0.0226746	0.243841207	0.523966194	0.063622133	0.255680556	0.017115058	2
0.40131635	0.41581019	0.3372654	0.08846753	0.35254479	0.110520149	0.05193673	0.518345743	0.009199128	0.066519608	0.002326154	3
0.405424455	0.407561976	0.357137521	0.113699497	0.342787772	0.089650251	0.066	0.520209553	0.009799483	0.066166233	0.003389327	3
0.469844526	0.460728531	0.361884005	0.037039479	0.207582417	0.069208791	0.036907204	0.645814377	0.019094531	0.02945	0.023133835	3
0.397659579	0.390815576	0.358914953	0.146546106	0.350758723	0.218184424	0.060567368	0.515345335	0.014145653	0.062278187	0.005235458	3
0.241054289	0.217978983	0.396192647	0.206322243	0.705472855	0.346774081	0.211581434	0.510576426	0.0221671	0.221568966	0.008055172	3
0.401613303	0.415632018	0.338453213	0.090783765	0.351178805	0.107253664	0.051877339	0.518345743	0.009199128	0.066519608	0.002326154	3
0.39345235	0.404226175	0.329837358	0.142484117	0.423646759	0.199872934	0.064226175	0.518345743	0.009199128	0.066519608	0.002326154	3
0.254959107	0.259979154	0.31968083	0.244919809	0.800379314	0.099	0.32671933	0.501565232	0.017379023	0.31478077	0.004721043	3
0.392472778	0.39484889	0.325441111	0.122484999	0.423527222	0.065785555	0.067913889	0.529421485	0.012766753	0.064419667	0.00864409	3
0.396343976	0.399343976	0.357110402	0.101895984	0.328201647	0.110230381	0.066444799	0.525870332	0.011622885	0.06509296	0.006618405	3
0.378351747	0.391411048	0.308355807	0.160525591	0.377588952	0.077055241	0.070118602	0.518345743	0.009199128	0.066519608	0.002326154	3
0.388176671	0.399581477	0.350516295	0.160176671	0.387404806	0.150869637	0.065111489	0.517527205	0.010548584	0.065362511	0.003119838	3
0.378606877	0.391489644	0.314931028	0.153	0.379279308	0.075306858	0.071627589	0.518345743	0.009199128	0.066519608	0.002326154	3
0.230811602	0.232822274	0.33671949	0.194813688	0.750171227	0.090749418	0.270355452	0.495825389	0.028221016	0.282130287	-0.006427558	3
0.396892057	0.392796656	0.346311288	0.170983278	0.365630936	0.175148997	0.077701254	0.514961289	0.014778798	0.061735294	0.005607843	3
0.394395826	0.404993044	0.344071768	0.08856829	0.354	0.10886342	0.05713658	0.523318287	0.010800842	0.065576823	0.005162643	3
0.259424477	0.236441566	0.364846196	0.19867806	0.695270672	0.339931643	0.226931643	0.510576426	0.0221671	0.221568966	0.008055172	3
0.398126468	0.375888731	0.182095664	0.136158898	0.635714024	0.025555736	0.322682814	0.488345451	0.028847365	0.310493617	-0.010859382	3
0.237437424	0.235793158	0.331644266	0.243288532	0.80277867	0.099	0.338	0.504350915	0.020356296	0.333960304	0.010135682	3
0.395379164	0.410848518	0.337176882	0.141514449	0.414	0.185221977	0.062514449	0.519206008	0.009409394	0.066419845	0.002976774	3
0.399242691	0.397355605	0.343160938	0.075805976	0.390709284	0.063354963	0.047935111	0.544761288	0.014189074	0.060054482	0.011533679	3
0.398798755	0.41005664	0.338421369	0.084899378	0.363025103	0.102553528	0.052	0.521329071	0.010160093	0.065953974	0.004027934	3
0.39029562	0.397346411	0.35529562	0.154062348	0.373743614	0.17313169	0.060642032	0.517134216	0.011196473	0.064806975	0.003500895	3
0.39833656	0.390598659	0.359381982	0.14691586	0.348488457	0.217644081	0.06109382	0.515246057	0.014309325	0.062137846	0.005331722	3
0.38470697	0.387131401	0.331646515	0.12031401	0.438241822	0.079657005	0.071808144	0.529708117	0.012859081	0.064365322	0.008807593	3
0.432884096	0.452130362	0.380927709	0.096101446	0.279941929	0.097913012	0.101449397	0.486177298	0.027587234	0.089075467	-0.000907217	3
0.409658561	0.437646402	0.336	0.09032928	0.335108595	0.110851432	0.059084277	0.439986273	0.016944664	0.056486764	-0.013877289	3
0.232082773	0.227128759	0.354770074	0.24	0.713901311	0.097018394	0.318183941	0.506159061	0.041403915	0.341300551	0.011352804	3
0.386913244	0.400985285	0.350797057	0.158913244	0.390072041	0.148623545	0.062725016	0.518002317	0.009765306	0.066034136	0.002659152	3
0.383345993	0.399345993	0.351663502	0.18055906	0.421194078	0.159606534	0.069625523	0.518345743	0.009199128	0.066519608	0.002326154	3
0.253929138	0.229934199	0.374121478	0.198045554	0.699035431	0.344015185	0.230893707	0.510576426	0.0221671	0.221568966	0.008055172	3
0.393733737	0.394145858	0.341693334	0.079391919	0.397090505	0.058140607	0.055216161	0.529719239	0.012862663	0.064363214	0.008813938	3
0.250697258	0.228232419	0.393626934	0.18789214	0.708740769	0.340075686	0.221567948	0.519943502	0.024527913	0.20763165	0.021128226	3
0.222872542	0.225696077	0.354348039	0.238044116	0.751465714	0.098303923	0.305612736	0.500521764	0.032250655	0.303323631	0.000771355	3
0.25049619	0.206485386	0.363150574	0.187614353	0.625853862	0.038493006	0.223191858	0.519977804	0.058699837	0.274903616	0.015826264	3
0.415878208	0.431830143	0.350243584	0.108394868	0.298878208	0.118107047	0.067863462	0.461040994	0.014863485	0.05918253	-0.00952352	3
0.402897993	0.414813755	0.340982231	0.093354722	0.350915762	0.107831524	0.055321487	0.518345743	0.009199128	0.066519608	0.002326154	3
0.244309412	0.209484193	0.365468205	0.191127179	0.643151342	0.046381176	0.225468567	0.515354102	0.051776944	0.264570295	0.009956013	3
0.315677209	0.324043883	0.334238584	0.111716643	0.750155268	0.299196481	0.206238584	0.500436268	0.012800366	0.193765567	-0.000431612	3
0.527218796	0.574474303	0.287	0.131109545	0.600496329	0.083291924	0.384182672	0.484067638	0.078542069	0.365584369	-0.064552287	3
0.432301553	0.448301553	0.387698447	0.113833692	0.27954767	0.098698447	0.101603106	0.505023548	0.027441363	0.0945	0.003375824	3
0.31271003	0.294322018	0.365366172	0.213972582	0.724901484	0.454944689	0.207256973	0.486230423	0.028930835	0.20140206	-0.002095149	3
0.421688553	0.465379514	0.33796717	0.098873495	0.309278617	0.104313854	0.069625301	0.337897549	0.027035747	0.043415719	-0.034987549	3
0.407896853	0.411735432	0.356632284	0.119941726	0.337322842	0.077336242	0.060484263	0.518345743	0.009199128	0.066519608	0.002326154	3
0.277518608	0.236021964	0.345917226	0.185564166	0.654432379	0.033603011	0.267403702	0.485528321	0.034375183	0.276782482	-0.015908253	3
0.410096166	0.397316114	0.332003575	0.192360621	0.309247565	0.269140673	0.071340155	0.514961289	0.014778798	0.061735294	0.005607843	3
0.24051419	0.240757095	0.330161937	0.238866443	0.809785475	0.099026989	0.336218697	0.503493347	0.012711429	0.3298542	0.00927747	3
0.526510934	0.534007566	0.252309772	0.063524407	0.3837037	0.035158254	0.053627941	0.546558845	0.014997517	0.053547813	0.00421722	3
0.40619321	0.408301164	0.357107953	0.114409117	0.342403395	0.089295441	0.066	0.519808827	0.009670404	0.06624221	0.003160741	3
0.297155693	0.278361583	0.315335397	0.168106584	0.60130302	0.029180791	0.301001088	0.488747139	0.028390963	0.312516996	-0.010351381	3
0.320033021	0.316337265	0.249504715	0.185252357	0.776915092	0.080943395	0.340492926	0.504924946	0.018800723	0.343228412	0.012615444	3
0.246147677	0.251639766	0.327862871	0.243031645	0.793613395	0.099	0.320110758	0.500596039	0.019725252	0.307203909	0.002430694	3
0.432654556	0.378577403	0.140038327	0.126076654	0.668615231	0.008884519	0.363959178	0.497717849	0.04098973	0.341148672	0.005445368	3
0.399970071	0.398357836	0.341821739	0.146507482	0.384834075	0.206209505	0.06640273	0.516628192	0.012030712	0.064091653	0.003991553	3
0.222490589	0.228123888	0.349314168	0.237585729	0.779614477	0.099	0.306614477	0.498702617	0.024308861	0.292401701	-0.002043748	3
0.343403523	0.395346359	0.27327341	0.163893947	0.586053027	0.063942835	0.395763065	0.512256178	0.031280236	0.373629749	0.018654177	3
0.229123089	0.223403862	0.341334675	0.248630732	0.761907479	0.098438455	0.332384553	0.506182262	0.041673986	0.341394737	0.011368421	3
0.42275684	0.469662622	0.336486319	0.097389055	0.30575684	0.106413371	0.069927052	0.324088301	0.028400739	0.041647636	-0.037843073	3
0.228809251	0.228772639	0.348263974	0.225109836	0.731789968	0.098063583	0.301691726	0.50310416	0.036549706	0.320692185	0.00560588	3
0.447446905	0.388572233	0.137239775	0.12047955	0.665416885	0.006885553	0.314784614	0.486276222	0.038195448	0.294987933	-0.012109562	3
0.386714497	0.401225962	0.351714497	0.157345044	0.388963388	0.151346523	0.060940459	0.518144228	0.009531349	0.066234743	0.00252155	3
0.523119285	0.569506786	0.183428214	0.106802143	0.513563572	0.022401072	0.067506786	0.534548397	0.014951777	0.070151913	0.007930149	3
0.376510814	0.390255407	0.313318915	0.154787848	0.379	0.071021627	0.072085136	0.518345743	0.009199128	0.066519608	0.002326154	3
0.288612696	0.277639996	0.377464765	0.114530795	0.696535235	0.318381589	0.159397459	0.524696865	0.022348546	0.179290974	0.030571384	3
0.483887124	0.465227169	0.352061826	0.013561118	0.17391662	0.087556438	0.029587351	0.643844143	0.018941582	0.030022971	0.022812219	3
0.253594692	0.236318587	0.380125662	0.201466369	0.731935399	0.33698584	0.252125662	0.509602723	0.021267664	0.21889916	0.007240233	3
0.391569105	0.397718159	0.342710026	0.152132788	0.39644445	0.177295396	0.068850946	0.516896573	0.011588254	0.064471041	0.003731321	3
0.385866619	0.401866619	0.351033345	0.159133736	0.393467188	0.147633558	0.061433487	0.518345743	0.009199128	0.066519608	0.002326154	3
0.46476398	0.46310914	0.314418821	0.034163259	0.350269696	0.07447294	0.01647294	0.645814377	0.019094531	0.02945	0.023133835	3
0.393089123	0.403971066	0.330674764	0.150202537	0.428322915	0.198414359	0.066322915	0.518345743	0.009199128	0.066519608	0.002326154	3
0.433411102	0.449411102	0.386588898	0.102183427	0.277883347	0.097588898	0.103822204	0.505023548	0.027441363	0.0945	0.003375824	3
0.29274774	0.234343194	0.347168173	0.167297727	0.607385237	0.011637497	0.24617502	0.487572715	0.040926941	0.271731211	-0.014378322	3
0.236880014	0.234978482	0.331901532	0.243803064	0.80149234	0.099	0.338	0.504459081	0.021615399	0.33439941	0.010208492	3
0.559203334	0.57813558	0.207745725	0.086406811	0.421000144	0.012203406	0.07613558	0.49155865	0.012807209	0.069333158	-0.005198576	3
0.257193571	0.236750372	0.368158448	0.206124814	0.711385653	0.337011211	0.240158448	0.510576426	0.0221671	0.221568966	0.008055172	3
0.382255381	0.398255381	0.351936155	0.189829262	0.43319081	0.164786941	0.073170012	0.518345743	0.009199128	0.066519608	0.002326154	3
0.346882476	0.354318532	0.214257646	0.153662324	0.621264556	0.04007312	0.394337676	0.505164076	0.026723188	0.382874235	0.013728285	3
0.249235059	0.229137883	0.381307293	0.209931059	0.725918587	0.340125412	0.253307293	0.510576426	0.0221671	0.221568966	0.008055172	3
0.416559595	0.4369544	0.328154978	0.144154978	0.421995094	0.187445311	0.065769986	0.521564683	0.009985902	0.066146316	0.004760644	3
0.462228761	0.458079569	0.366850808	0.049622046	0.225462908	0.060268546	0.040880646	0.645814377	0.019094531	0.02945	0.023133835	3
0.22229958	0.231019412	0.338521512	0.203463277	0.766840504	0.099859916	0.275782268	0.4975	0.027220165	0.283	-0.004885714	3
0.409371692	0.414445011	0.356	0.119219956	0.314141538	0.089826902	0.058706726	0.518345743	0.009199128	0.066519608	0.002326154	3
0.390386865	0.388632119	0.345037969	0.084433554	0.401253973	0.063471523	0.054329912	0.531898657	0.013564679	0.06395	0.010057143	3
0.228370761	0.226481537	0.354740769	0.239222306	0.728294652	0.097518463	0.313074604	0.503931547	0.037927102	0.326256989	0.007154839	3
0.311125448	0.317612046	0.33760293	0.118296906	0.748819425	0.301967119	0.20960293	0.501108334	0.013421171	0.19560831	0.000130872	3
0.288752166	0.295562102	0.284437898	0.213875796	0.807272675	0.099	0.326950318	0.503659591	0.012308984	0.331153846	0.00967033	3
0.407078473	0.412281018	0.356359491	0.122124071	0.334594912	0.069425243	0.056392367	0.518345743	0.009199128	0.066519608	0.002326154	3
0.388642327	0.399064082	0.350412816	0.160642327	0.386421755	0.15169747	0.065991061	0.517352095	0.010837274	0.065114972	0.003289631	3
0.244772803	0.229478305	0.352712334	0.226083364	0.693745477	0.080414421	0.306180392	0.501421105	0.040774853	0.328649334	0.00541002	3
0.348684217	0.361177505	0.324025804	0.107812197	0.757379773	0.345004167	0.186531474	0.48886305	0.014977199	0.182525191	-0.00561971	3
0.238607302	0.239803651	0.330797566	0.234417037	0.805018254	0.099132928	0.329226773	0.502840811	0.014291093	0.324752867	0.007735429	3
0.308794752	0.31080835	0.264766918	0.191972485	0.791853677	0.090931371	0.318570735	0.501711661	0.014447481	0.326241927	0.007105996	3
0.299121304	0.294191053	0.364854436	0.106912055	0.709145564	0.311419636	0.165571266	0.518918971	0.019693802	0.180340546	0.023504419	3
0.440071067	0.453071067	0.293627813	0.073218753	0.406588066	0.032352265	0.073210229	0.511069066	0.00983343	0.067051431	0.0002362	3
0.381850397	0.391599856	0.332549748	0.163248377	0.408151046	0.096048665	0.072849675	0.523089752	0.010727228	0.065620153	0.005032279	3
0.230654695	0.225879939	0.334774756	0.249549512	0.78712622	0.099	0.338	0.505667114	0.035677437	0.339303472	0.011021658	3
0.228439979	0.222549973	0.338089899	0.250680064	0.773520363	0.098780011	0.335800107	0.506182262	0.041673986	0.341394737	0.011368421	3
0.426041956	0.463226111	0.353575748	0.103759903	0.297212126	0.103634034	0.08047785	0.382038589	0.028393272	0.05910113	-0.024574016	3
0.411497668	0.414122085	0.356375583	0.114502332	0.312901233	0.109854597	0.066624417	0.518345743	0.009199128	0.066519608	0.002326154	3
0.289924975	0.29717312	0.281981043	0.20285326	0.804657874	0.099	0.322597693	0.503659591	0.012308984	0.331153846	0.00967033	3
0.233482358	0.230012677	0.333469681	0.246939362	0.793651596	0.099	0.338	0.505118402	0.029290181	0.33707595	0.010652302	3
0.228143769	0.222179711	0.336682903	0.251568693	0.778555925	0.098928115	0.337281155	0.506182262	0.041673986	0.341394737	0.011368421	3
0.379396794	0.393	0.319635265	0.17434402	0.387756844	0.097825648	0.072275216	0.518345743	0.009199128	0.066519608	0.002326154	3
0.387627934	0.387627934	0.329372066	0.122566116	0.435689752	0.072914711	0.068829421	0.531898657	0.013564679	0.06395	0.010057143	3
0.54817833	0.575499166	0.200315831	0.092638335	0.449281675	0.015319168	0.073499166	0.504693598	0.013462454	0.069583318	-0.001187268	3
0.259335503	0.231549004	0.410986984	0.137952016	0.661823507	0.337816999	0.144348519	0.540051388	0.029595767	0.177713031	0.049191572	3
0.382261437	0.392850607	0.30682166	0.172506072	0.380792713	0.081626518	0.072775911	0.51885192	0.009362173	0.066423638	0.002614892	3
0.390596595	0.399693807	0.342434986	0.142064397	0.401049841	0.193676782	0.061645201	0.517745343	0.010188958	0.065670873	0.002908324	3
0.228758284	0.228800953	0.348156378	0.224871993	0.732090104	0.098080572	0.30143123	0.503054992	0.036467855	0.320361499	0.005513834	3
0.405839971	0.416934064	0.318192997	0.072270605	0.406348213	0.041049452	0.06945879	0.520067783	0.009753817	0.066193112	0.003308457	3
0.46486654	0.458955513	0.36413346	0.045700189	0.218355892	0.059522243	0.041	0.645814377	0.019094531	0.02945	0.023133835	3
0.398699936	0.409789826	0.338530071	0.084849968	0.363430264	0.102039665	0.052	0.521463001	0.010203233	0.065928582	0.004104331	3
0.531173709	0.544605351	0.239545986	0.082863284	0.390856412	0.032445387	0.072388653	0.490055804	0.01166514	0.068587207	-0.005799076	3
0.470673519	0.461016876	0.361343357	0.035669838	0.205636086	0.070181957	0.036474686	0.645814377	0.019094531	0.02945	0.023133835	3
0.386256042	0.402	0.349890483	0.156549093	0.393877644	0.150499246	0.061085347	0.518345743	0.009199128	0.066519608	0.002326154	3
0.26881132	0.247863002	0.348963905	0.200568499	0.690170632	0.332465135	0.220963905	0.510576426	0.0221671	0.221568966	0.008055172	3
0.404749163	0.413656773	0.345841553	0.100528006	0.34790761	0.10181522	0.058561035	0.518345743	0.009199128	0.066519608	0.002326154	3
0.511314582	0.516745691	0.267063512	0.056590149	0.377212055	0.044600648	0.044480622	0.570687775	0.015993497	0.047689657	0.008815832	3
0.38708771	0.402	0.346286589	0.151836308	0.399976542	0.161865374	0.06136257	0.518345743	0.009199128	0.066519608	0.002326154	3
0.231560813	0.227204265	0.334356548	0.248713096	0.78921726	0.099	0.338	0.505491281	0.033630657	0.338589668	0.010903299	3
0.401903408	0.40754119	0.321038361	0.146024148	0.427850835	0.192676142	0.072686077	0.518264015	0.009333865	0.066404077	0.0024054	3
0.255244873	0.262728573	0.316755127	0.218619413	0.787478389	0.099	0.309641392	0.500479392	0.020007632	0.306291999	0.002155039	3
0.397260695	0.405968869	0.324739305	0.143968869	0.427968869	0.200124522	0.067583652	0.518345743	0.009199128	0.066519608	0.002326154	3
0.396433697	0.405614441	0.325566303	0.143614441	0.427614441	0.201542234	0.06663851	0.518345743	0.009199128	0.066519608	0.002326154	3
0.234770858	0.236666684	0.336499974	0.239187503	0.800437542	0.099	0.327437542	0.501991375	0.016347413	0.318112231	0.005728084	3
0.296805143	0.285653028	0.310077143	0.168316914	0.599269829	0.032826514	0.309554513	0.490180207	0.026762696	0.319735635	-0.008539027	3
0.546016107	0.580876576	0.275702281	0.122784564	0.609335034	0.084723489	0.357942752	0.458354029	0.07661662	0.368508286	-0.115376057	3
0.382177455	0.398101403	0.35164509	0.190707112	0.435442284	0.166557716	0.073695791	0.518345743	0.009199128	0.066519608	0.002326154	3
0.411879452	0.414879452	0.356074703	0.112252968	0.298166392	0.122140914	0.066962648	0.518851966	0.009362188	0.066423629	0.002614919	3
0.230629531	0.237793551	0.341370469	0.230767245	0.777248636	0.099	0.302608437	0.498510295	0.024774435	0.290898188	-0.002498233	3
0.228472464	0.234736232	0.334175845	0.210769083	0.779681161	0.099695974	0.292065702	0.499372675	0.022686781	0.297640011	-0.000460301	3
0.388044765	0.387226859	0.337543247	0.097549318	0.4251434	0.069092565	0.063229894	0.531898657	0.013564679	0.06395	0.010057143	3
0.380133528	0.392480117	0.304079532	0.166227291	0.376519883	0.082400585	0.068693177	0.518345743	0.009199128	0.066519608	0.002326154	3
0.383095059	0.392374252	0.309441615	0.167742518	0.386508978	0.08043563	0.072061378	0.520465921	0.009882062	0.066117626	0.003535567	3
0.411999028	0.414748786	0.356250243	0.114000972	0.30726093	0.114241499	0.066749757	0.518345743	0.009199128	0.066519608	0.002326154	3
0.228367787	0.232212373	0.34318144	0.23835232	0.78958016	0.099	0.31658016	0.500276579	0.020498602	0.30470647	0.001675763	3
0.383997829	0.391858384	0.31227889	0.162583837	0.392699396	0.079145959	0.071287576	0.5222138	0.010445074	0.065786231	0.00453261	3
0.398058224	0.396757237	0.340504934	0.162242763	0.376058224	0.150767106	0.074601974	0.516111335	0.012882811	0.063361016	0.004492716	3
0.425519405	0.46456152	0.350556563	0.102598678	0.298721719	0.104040463	0.078677951	0.37125217	0.028476759	0.055996465	-0.027025362	3
0.29955157	0.345083233	0.26235816	0.168284881	0.58701699	0.059698129	0.379715119	0.502016917	0.015096806	0.378064184	0.006778764	3
0.397358928	0.395669443	0.342447423	0.163330557	0.375358928	0.153564289	0.075378969	0.515848365	0.013316349	0.062989277	0.004747702	3
0.407663062	0.411891292	0.356554354	0.120565168	0.336543541	0.075076268	0.059315311	0.518345743	0.009199128	0.066519608	0.002326154	3
0.398494513	0.39743591	0.339293019	0.16156409	0.376494513	0.149021947	0.074117207	0.516275402	0.012612328	0.063592944	0.004333631	3
0.4331608	0.4491608	0.3868392	0.104811601	0.2782588	0.0978392	0.1033216	0.505023548	0.027441363	0.0945	0.003375824	3
0.395770421	0.392220503	0.356806725	0.145513614	0.359084362	0.212072608	0.060495462	0.515799723	0.013396541	0.062920517	0.004794867	3
0.400796246	0.401016382	0.332899317	0.157983618	0.378796246	0.139815016	0.071559727	0.51714097	0.011185338	0.064816523	0.003494346	3
0.286932929	0.26608093	0.369156922	0.206959694	0.713529233	0.40623355	0.217681536	0.496919727	0.025961164	0.210256499	0.002361429	3
0.388899246	0.401942426	0.338201509	0.141734068	0.414316657	0.187683343	0.062172722	0.518345743	0.009199128	0.066519608	0.002326154	3
0.228919705	0.237339341	0.33205353	0.203919705	0.771687559	0.099883927	0.280009012	0.49821496	0.025489385	0.288589344	-0.003196156	3
0.422355963	0.468239841	0.336966055	0.097920053	0.307610092	0.105171952	0.069815989	0.32840609	0.027973942	0.04220047	-0.036950225	3
0.292067526	0.300108255	0.279402999	0.198959271	0.802452306	0.099040729	0.319004289	0.503408718	0.012916299	0.329192598	0.00907748	3
0.229129535	0.236274074	0.342870465	0.231507502	0.776625261	0.099	0.302179867	0.498390304	0.025064912	0.289960129	-0.002781792	3
0.393221947	0.404110974	0.330259764	0.142407316	0.423147552	0.199258526	0.064110974	0.518345743	0.009199128	0.066519608	0.002326154	3
0.385680783	0.400103305	0.344638434	0.165182865	0.424431824	0.177568176	0.067690086	0.518345743	0.009199128	0.066519608	0.002326154	3
0.422021658	0.465619121	0.337956683	0.098565347	0.305021658	0.107663181	0.069706498	0.338725679	0.02695389	0.04352175	-0.034816305	3
0.388458079	0.387474848	0.338865854	0.095234755	0.42092759	0.068100609	0.061659298	0.531898657	0.013564679	0.06395	0.010057143	3
0.231522492	0.236261246	0.333159169	0.217885814	0.78730623	0.099526528	0.303249137	0.500416392	0.020160142	0.305799487	0.002006162	3
0.383212413	0.392307193	0.309810441	0.167071925	0.38731369	0.080267981	0.071960789	0.520693133	0.00995525	0.066074547	0.003665176	3
0.496260769	0.498780269	0.224525363	0.126338516	0.633501912	0.056291868	0.380332654	0.478204451	0.064017466	0.376796611	-0.061616308	3
0.420007476	0.361383552	0.138789533	0.130797009	0.664180562	0.007992524	0.325174215	0.492612268	0.039742842	0.320550432	-0.002388143	3
0.255817294	0.271945539	0.321578959	0.213109507	0.663060513	0.083554753	0.341048994	0.50444034	0.030940504	0.35526457	0.009292173	3
0.384203408	0.392635094	0.340108689	0.174621124	0.388877341	0.128704943	0.076729813	0.517110734	0.011235185	0.064773781	0.003523663	3
0.394411048	0.404682872	0.3281326	0.145219896	0.427407736	0.202278448	0.065407736	0.518345743	0.009199128	0.066519608	0.002326154	3
0.394436594	0.359284865	0.188820379	0.148343622	0.716445766	0.040838973	0.303489153	0.489618347	0.027723896	0.295747299	-0.008814136	3
0.424891338	0.436027517	0.376027517	0.11550344	0.285986241	0.107979362	0.088279237	0.510007915	0.020616212	0.084031414	0.0029831	3
0.486560924	0.482775524	0.214548379	0.127031363	0.638213266	0.050749099	0.384697584	0.482074307	0.061561251	0.378412428	-0.0511358	3
0.223717551	0.230564898	0.336	0.205749549	0.768152652	0.09985649	0.28147167	0.498745993	0.029294435	0.291380238	-0.002553081	3
0.383269549	0.398928243	0.345539098	0.165167434	0.394047838	0.134030358	0.066119596	0.518345743	0.009199128	0.066519608	0.002326154	3
0.411044787	0.416	0.352741311	0.10860077	0.305450197	0.12153359	0.064555984	0.518345743	0.009199128	0.066519608	0.002326154	3
0.302679956	0.34569365	0.259178907	0.167318388	0.589280619	0.058400994	0.380681612	0.502224932	0.015865264	0.378382109	0.0072381	3
0.389218226	0.403072742	0.342418063	0.152636289	0.404515325	0.167382101	0.062430323	0.518345743	0.009199128	0.066519608	0.002326154	3
0.397761398	0.389344647	0.362337217	0.146840932	0.342935326	0.219151638	0.060053023	0.515051015	0.014630874	0.061862132	0.005520841	3
0.296071122	0.30092066	0.299066831	0.168757327	0.595012508	0.04046033	0.327464621	0.493180922	0.02335325	0.334850817	-0.00474412	3
0.37788046	0.392820691	0.333744835	0.177445986	0.396864375	0.106668979	0.075760921	0.518345743	0.009199128	0.066519608	0.002326154	3
0.432707455	0.378613146	0.140028319	0.126056638	0.668603793	0.008877371	0.363783324	0.497676932	0.040979738	0.340983596	0.00538259	3
0.37832902	0.39116451	0.310894641	0.161151568	0.379	0.074658039	0.07238817	0.518345743	0.009199128	0.066519608	0.002326154	3
0.377286576	0.391929865	0.327509053	0.169725494	0.391222476	0.095088241	0.074573153	0.518345743	0.009199128	0.066519608	0.002326154	3
0.49513586	0.488102801	0.217803814	0.125666023	0.629203909	0.052048504	0.312673746	0.466452693	0.05994954	0.3244551	-0.07804709	3
0.38736315	0.402	0.345093018	0.150275485	0.401996431	0.165629712	0.061454383	0.518345743	0.009199128	0.066519608	0.002326154	3
0.393902251	0.39671194	0.322278257	0.108941465	0.450273069	0.071014705	0.070765859	0.532201554	0.013653246	0.064315845	0.009977774	3
0.258969761	0.236051336	0.379270394	0.202913853	0.690596695	0.346918425	0.239356541	0.511151189	0.023274525	0.232339032	0.015394966	4
0.237	0.233275115	0.339087328	0.256537098	0.721174655	0.097362443	0.380672356	0.506182262	0.041673986	0.341394737	0.011368421	4
0.398030171	0.383030171	0.333405893	0.148443959	0.359819681	0.206977725	0.056902298	0.514961289	0.014778798	0.061735294	0.005607843	4
0.417305504	0.435416645	0.332	0.11411114	0.385138794	0.051555701	0.067638925	0.505023548	0.027441363	0.0945	0.003375824	4
0.245521623	0.221641217	0.385315537	0.221564869	0.711521623	0.341358783	0.264498665	0.512447863	0.025772891	0.256636438	0.031953635	4
0.264154307	0.234580797	0.410117875	0.127867552	0.653419203	0.333007286	0.142161594	0.513872386	0.013931443	0.143133333	0.013342857	4
0.368023514	0.393545084	0.26243529	0.13552157	0.477196075	0.224760785	0.060631364	0.459992449	0.031275294	0.066022727	-0.012444946	4
0.325593207	0.338348098	0.307355298	0.102193614	0.738948505	0.278051495	0.202715762	0.5047862	0.026136074	0.226076923	0.008659341	4
0.260045147	0.236961278	0.379229033	0.204609654	0.689893558	0.347083869	0.237619378	0.51106327	0.023105127	0.23069158	0.014272229	4
0.260431752	0.236431752	0.384568248	0.225136497	0.683468978	0.348	0.225468978	0.510576426	0.0221671	0.221568966	0.008055172	4
0.372068321	0.403704595	0.246477512	0.120636519	0.491499878	0.229727206	0.063750061	0.459992449	0.031275294	0.066022727	-0.012444946	4
0.396855082	0.381427541	0.328304262	0.143137705	0.363840656	0.210405902	0.053007213	0.514961289	0.014778798	0.061735294	0.005607843	4
0.377457544	0.327796104	0.134058406	0.142779882	0.666491617	0.017855596	0.392025962	0.509151924	0.043452277	0.38727739	0.022879573	4
0.259431566	0.231323674	0.400942046	0.138273737	0.665381629	0.346381629	0.157597411	0.538054129	0.02811421	0.172751338	0.046478318	4
0.4062457	0.426842854	0.350994266	0.080534296	0.616068592	0.071565725	0.27237715	0.516927543	0.03236444	0.319360101	0.023336663	4
0.454306978	0.492621334	0.301487611	0.120997541	0.624316815	0.091742576	0.335423301	0.463189169	0.062136958	0.340339542	-0.09383932	4
0.250782833	0.229222838	0.375051424	0.188851398	0.708862869	0.342542853	0.21037144	0.501040645	0.030006239	0.22193436	-0.009148566	4
0.259647035	0.235647035	0.384445399	0.224890798	0.676924335	0.347092434	0.235260532	0.510576426	0.0221671	0.221568966	0.008055172	4
0.301991507	0.287713904	0.29321815	0.168059453	0.722229475	0.32029459	0.19375637	0.502857293	0.024807284	0.206500774	0.003342088	4
0.40512732	0.414231149	0.343740427	0.101584683	0.359438807	0.076283063	0.054924595	0.518345743	0.009199128	0.066519608	0.002326154	4
0.416333466	0.424533506	0.359377875	0.124955591	0.29379996	0.12944429	0.07155571	0.515089148	0.013658422	0.073359383	0.002582745	4
0.403712018	0.387940817	0.311321541	0.172619275	0.376280046	0.244187303	0.045974376	0.514961289	0.014778798	0.061735294	0.005607843	4
0.38776906	0.435153221	0.31276906	0.127384161	0.586927453	0.071462618	0.262847518	0.49080637	0.039922377	0.274981137	-0.017827752	4
0.404289751	0.41097174	0.342074225	0.128505278	0.339010555	0.138961185	0.063448757	0.518345743	0.009199128	0.066519608	0.002326154	4
0.393065345	0.432904123	0.32671023	0.096161221	0.647322443	0.089	0.278967328	0.483293045	0.024488812	0.282891304	-0.020980237	4
0.388703023	0.416492116	0.259054535	0.124984233	0.491015767	0.211054535	0.071070302	0.459992449	0.031275294	0.066022727	-0.012444946	4
0.229726917	0.224302555	0.349313685	0.247535037	0.770719704	0.09780812	0.326018342	0.506182262	0.041673986	0.341394737	0.011368421	4
0.415299366	0.435099789	0.344668075	0.110099789	0.365397042	0.065702747	0.086535728	0.505023548	0.027441363	0.0945	0.003375824	4
0.498688532	0.515917295	0.225	0.100971685	0.409671012	0.089671012	0.200300672	0.334181637	0.089840994	0.086964286	-0.116852747	4
0.463796584	0.471268318	0.225440649	0.139177968	0.60109889	0.05859462	0.349994364	0.539317828	0.083994282	0.322518334	0.084211139	4
0.40425372	0.40730599	0.332425411	0.134350628	0.363761159	0.115955363	0.06569401	0.518345743	0.009199128	0.066519608	0.002326154	4
0.29314882	0.322429764	0.338603267	0.105	0.765421416	0.286388385	0.184322323	0.496292108	0.015757278	0.188342275	-0.001628764	4
0.457742508	0.456404872	0.34686407	0.05799854	0.213775396	0.105595128	0.036190257	0.645814377	0.019094531	0.02945	0.023133835	4
0.488844641	0.46942232	0.330533923	0.012962799	0.188739595	0.103881842	0.019037201	0.645814377	0.019094531	0.02945	0.023133835	4
0.379117261	0.400753096	0.271740713	0.1407798	0.468024765	0.228325078	0.060921826	0.46570419	0.029561165	0.065577225	-0.010569104	4
0.440819965	0.424452049	0.23658217	0.115632083	0.772812118	0.30004599	0.222651701	0.521144021	0.039365148	0.217577774	0.017972731	4
0.346597923	0.314430675	0.2807227	0.085421142	0.77158839	0.325506936	0.232387352	0.507821387	0.018655464	0.234736802	0.014644486	4
0.352191092	0.369801212	0.239580973	0.085470444	0.496	0.172690683	0.13680203	0.362858345	0.076491812	0.082190968	-0.093054538	4
0.385708431	0.411416862	0.26315603	0.129728922	0.485698186	0.218020491	0.069854216	0.459992449	0.031275294	0.066022727	-0.012444946	4
0.419726103	0.436454044	0.332	0.112727941	0.389634192	0.044639705	0.065909926	0.505023548	0.027441363	0.0945	0.003375824	4
0.397771689	0.426936073	0.25150685	0.121949772	0.494771689	0.19473516	0.081910959	0.459992449	0.031275294	0.066022727	-0.012444946	4
0.241965239	0.238965239	0.336013904	0.245062569	0.715027809	0.096006952	0.323285037	0.506182262	0.041673986	0.341394737	0.011368421	4
0.367451387	0.387623344	0.247725693	0.103451387	0.511080855	0.198747188	0.082742065	0.39843917	0.059928721	0.076268441	-0.063526744	4
0.239912945	0.236912945	0.336834822	0.248756699	0.716669644	0.096417411	0.340113851	0.506182262	0.041673986	0.341394737	0.011368421	4
0.351	0.318445245	0.265665294	0.093112598	0.769554755	0.314886372	0.217774803	0.508196721	0.017730404	0.235807692	0.015384615	4
0.45608552	0.486003366	0.291277442	0.086955557	0.587592595	0.085078788	0.301044443	0.517424091	0.045728628	0.305919368	0.070477695	4
0.367543143	0.344645908	0.268739458	0.096	0.77711561	0.30088439	0.205247697	0.504414063	0.014992013	0.218425857	0.009071772	4
0.454169431	0.460570903	0.320799264	0.049716388	0.370581941	0.07394107	0.002084716	0.645814377	0.019094531	0.02945	0.023133835	4
0.385433667	0.398403276	0.320201638	0.128082983	0.398718289	0.054604914	0.072151956	0.518345743	0.009199128	0.066519608	0.002326154	4
0.262368466	0.238368466	0.382112744	0.220225487	0.680812094	0.347481209	0.232150325	0.510576426	0.0221671	0.221568966	0.008055172	4
0.393939621	0.396127545	0.351187924	0.100424526	0.345781886	0.075812076	0.053515095	0.527873698	0.012268193	0.064713125	0.007761186	4
0.25727289	0.233636519	0.384818074	0.212909111	0.693999851	0.346545482	0.226545482	0.510576426	0.0221671	0.221568966	0.008055172	4
0.336266334	0.347379206	0.292987627	0.10014109	0.735253961	0.281746039	0.214209898	0.5047862	0.026136074	0.226076923	0.008659341	4
0.413324051	0.398699578	0.314727424	0.205272576	0.380798313	0.252685655	0.064187764	0.514961289	0.014778798	0.061735294	0.005607843	4
0.407535769	0.425049527	0.330508254	0.097104557	0.376016509	0.07094497	0.066022012	0.51164799	0.018370439	0.080586792	0.002853877	4
0.402521958	0.443725471	0.321982434	0.102017566	0.643690339	0.090203513	0.27619473	0.483293045	0.024488812	0.282891304	-0.020980237	4
0.259569681	0.23128484	0.404127129	0.135727393	0.663866755	0.343157712	0.152733509	0.533257698	0.025301069	0.166876629	0.039905924	4
0.37932793	0.391623026	0.316590191	0.15067207	0.409819618	0.042700852	0.076741791	0.517854328	0.009872028	0.067551719	0.002364873	4
0.467882123	0.461454457	0.353604482	0.039647346	0.220203606	0.091422308	0.030556259	0.645814377	0.019094531	0.02945	0.023133835	4
0.424867467	0.442404159	0.367867467	0.122051479	0.31282366	0.101728374	0.119859796	0.505709358	0.026502276	0.093059604	0.003321788	4
0.411770828	0.396492182	0.310492182	0.200033838	0.382	0.254835939	0.058148424	0.514961289	0.014778798	0.061735294	0.005607843	4
0.358266127	0.346339711	0.295697572	0.105082659	0.787073584	0.286385087	0.190201619	0.498020463	0.010363476	0.189046383	-0.001598449	4
0.392125257	0.431885695	0.326083505	0.096239562	0.647479124	0.089	0.279437371	0.483293045	0.024488812	0.282891304	-0.020980237	4
0.398434685	0.386491741	0.321622372	0.139479731	0.370246997	0.213147149	0.050593844	0.515451679	0.013970332	0.062428517	0.005132343	4
0.266552736	0.241510547	0.376915622	0.171641394	0.68781015	0.339147661	0.181704677	0.540978664	0.029829471	0.176333333	0.050485714	4
0.407401787	0.427444836	0.351641261	0.079799106	0.614598213	0.071086097	0.272473535	0.518077115	0.032849607	0.320378632	0.025609254	4
0.234821503	0.231095337	0.341388774	0.252063558	0.734491537	0.097242055	0.352623402	0.506182262	0.041673986	0.341394737	0.011368421	4
0.23980312	0.23580312	0.34919688	0.237229425	0.771623184	0.09704922	0.314541151	0.510074226	0.019957572	0.336169692	0.019069329	4
0.238662675	0.234947533	0.339814086	0.24523838	0.731209866	0.096476761	0.321569718	0.506182262	0.041673986	0.341394737	0.011368421	4
0.421960162	0.437108511	0.365435437	0.122237638	0.308197799	0.108267864	0.108741747	0.508189402	0.023106323	0.087850808	0.003126383	4
0.234282163	0.230738596	0.342076755	0.25698962	0.727697077	0.097	0.361553947	0.506182262	0.041673986	0.341394737	0.011368421	4
0.313066988	0.318689952	0.316094096	0.096908771	0.770574482	0.304182458	0.203860289	0.500024002	0.015693108	0.202927552	0.003845519	4
0.360470777	0.400470777	0.225470777	0.105264612	0.500426141	0.236	0.060573859	0.459992449	0.031275294	0.066022727	-0.012444946	4
0.262267059	0.233267059	0.417	0.12436647	0.653465881	0.332267059	0.142701767	0.513872386	0.013931443	0.143133333	0.013342857	4
0.235356056	0.241033238	0.364605633	0.210221413	0.769569013	0.110926759	0.331324509	0.503013964	0.035231202	0.315231452	0.005470585	4
0.435603051	0.410971023	0.22479217	0.106916523	0.762541739	0.301812608	0.246568989	0.515584308	0.044430115	0.244585331	0.017253269	4
0.40012854	0.438963843	0.315553167	0.102764413	0.64307089	0.08965879	0.296352313	0.478463924	0.033532216	0.296690858	-0.038481606	4
0.403019502	0.444302622	0.321584399	0.102415601	0.643471419	0.09028312	0.27607532	0.483293045	0.024488812	0.282891304	-0.020980237	4
0.359948296	0.348844889	0.331642667	0.217824593	0.743343557	0.530152446	0.171829185	0.460514235	0.035027969	0.174414074	-0.013583146	4
0.395489302	0.434673799	0.328978603	0.095347598	0.645695195	0.088266047	0.277755349	0.484708999	0.024820362	0.284426577	-0.019114573	4
0.327364282	0.323545358	0.300817148	0.101318036	0.753818569	0.288136961	0.197227676	0.506181468	0.022697255	0.230057849	0.011410698	4
0.241934614	0.220644871	0.381289743	0.189121782	0.705901921	0.343032693	0.27	0.512702079	0.026262701	0.2614	0.0352	4
0.438419426	0.453319899	0.375518953	0.130867297	0.287680101	0.103812804	0.097402838	0.505244534	0.027138764	0.094035866	0.003358412	4
0.411072558	0.423753954	0.342733953	0.116975814	0.364850699	0.066854883	0.060241861	0.511523539	0.01854085	0.080848173	0.002863683	4
0.394829059	0.419602563	0.271641025	0.137094017	0.478679487	0.224773504	0.071320513	0.459992449	0.031275294	0.066022727	-0.012444946	4
0.337674383	0.294738865	0.225354471	0.167774493	0.62951621	0.07512932	0.699323834	0.458849046	0.183889224	0.5965	-0.187648352	4
0.443409846	0.478317449	0.241625924	0.133046199	0.525061114	0.275363648	0.14135322	0.537820228	0.049789083	0.160806123	0.045846278	4
0.443889992	0.437090623	0.248983766	0.124582506	0.786110008	0.300163436	0.200778409	0.526804217	0.030317552	0.184883351	0.018598967	4
0.39376832	0.405381584	0.231961236	0.088585705	0.450005151	0.121496973	0.172718352	0.334181637	0.089840994	0.086964286	-0.116852747	4
0.38267133	0.40679787	0.26662038	0.13412654	0.48068365	0.22406327	0.06830403	0.459992449	0.031275294	0.066022727	-0.012444946	4
0.241312395	0.238312395	0.336275042	0.246237688	0.715550084	0.096137521	0.328638359	0.506182262	0.041673986	0.341394737	0.011368421	4
0.415069597	0.435023199	0.345178673	0.110023199	0.364324787	0.066698412	0.087403744	0.505023548	0.027441363	0.0945	0.003375824	4
0.482276635	0.504957477	0.253538941	0.131758956	0.584546106	0.070702103	0.3351419	0.543747841	0.08865338	0.306376275	0.097100871	4
0.404753064	0.413225919	0.347602451	0.121644485	0.328753064	0.148159375	0.062376532	0.518345743	0.009199128	0.066519608	0.002326154	4
0.420141375	0.436632018	0.332	0.112490643	0.390405412	0.043453213	0.065613303	0.505023548	0.027441363	0.0945	0.003375824	4
0.375499601	0.404939856	0.252379314	0.124479553	0.488480351	0.228080191	0.065259825	0.459992449	0.031275294	0.066022727	-0.012444946	4
0.478484999	0.465247777	0.342956112	0.029181113	0.187117778	0.108193334	0.02749389	0.645814377	0.019094531	0.02945	0.023133835	4
0.392883213	0.420214418	0.257006385	0.126227189	0.489883213	0.205123172	0.077328012	0.459992449	0.031275294	0.066022727	-0.012444946	4
0.406351747	0.413940699	0.350292446	0.123	0.312948819	0.145415108	0.062470349	0.518345743	0.009199128	0.066519608	0.002326154	4
0.366013716	0.403111489	0.232222978	0.110353341	0.500339625	0.22971184	0.06114408	0.459992449	0.031275294	0.066022727	-0.012444946	4
0.363	0.401696561	0.231072391	0.106979289	0.494137945	0.23497587	0.064348281	0.459992449	0.031275294	0.066022727	-0.012444946	4
0.449905801	0.454438979	0.367141298	0.061860788	0.253785846	0.078850116	0.03832761	0.645814377	0.019094531	0.02945	0.023133835	4
0.396199164	0.390103763	0.35491714	0.159506271	0.352290385	0.219398328	0.067008361	0.514961289	0.014778798	0.061735294	0.005607843	4
0.417273159	0.438373855	0.342827536	0.07486342	0.604726841	0.073201391	0.284107652	0.519506152	0.038490842	0.316328576	0.04611302	4
0.353712238	0.329831864	0.275205072	0.099390298	0.775119626	0.301185225	0.203863285	0.504398214	0.014980539	0.218353027	0.009045321	4
0.405983988	0.42058715	0.326412647	0.125968383	0.398634982	0.04134921	0.069190515	0.509675786	0.021071	0.084728979	0.003009269	4
0.231658753	0.215971025	0.314907839	0.2408841	0.718388726	0.093437424	0.459958975	0.493210863	0.080647264	0.411304886	-0.043170995	4
0.405453156	0.436173384	0.247559544	0.121234677	0.50090981	0.199877415	0.091408061	0.469691279	0.033582466	0.077834552	-0.005180744	4
0.482886445	0.467064247	0.339532765	0.022613876	0.18516158	0.107354963	0.024629457	0.645814377	0.019094531	0.02945	0.023133835	4
0.387119502	0.414239004	0.25998112	0.126201245	0.489578631	0.213081742	0.070559751	0.459992449	0.031275294	0.066022727	-0.012444946	4
0.399124696	0.426284063	0.336965329	0.094318734	0.630392639	0.07744343	0.276653589	0.505588175	0.029709289	0.307065191	0.008395883	4
0.46549516	0.44374758	0.20183172	0.10749516	0.76416828	0.30567312	0.28367312	0.516317534	0.047080092	0.245456522	0.017438735	4
0.506444168	0.524767426	0.236475639	0.099252312	0.394099931	0.087838371	0.180048723	0.353422792	0.077633124	0.083226884	-0.100287746	4
0.315869399	0.328333254	0.324159517	0.105101446	0.748565062	0.274115904	0.187101446	0.503995579	0.024460529	0.221841216	0.007444724	4
0.410361426	0.414180713	0.354393571	0.112883578	0.345277149	0.084019986	0.056690706	0.518345743	0.009199128	0.066519608	0.002326154	4
0.350301024	0.3213746	0.317349488	0.156340291	0.614800143	0.351871241	0.158616202	0.488348213	0.022779329	0.17295129	-0.005283487	4
0.402955854	0.391217659	0.300347024	0.177332309	0.391741268	0.253752911	0.045029431	0.509383516	0.016452723	0.062170346	0.003775999	4
0.397327004	0.385028484	0.331796427	0.151047473	0.365260541	0.221654007	0.055729965	0.514961289	0.014778798	0.061735294	0.005607843	4
0.434161971	0.434050616	0.269655812	0.131878522	0.795838029	0.298035431	0.164602328	0.531418177	0.022942324	0.158232201	0.01910945	4
0.404391919	0.388552728	0.309145858	0.17540687	0.377979799	0.247994749	0.045090505	0.514961289	0.014778798	0.061735294	0.005607843	4
0.26338987	0.238841137	0.381158863	0.216671526	0.689718345	0.345902532	0.217891785	0.510576426	0.0221671	0.221568966	0.008055172	4
0.266308105	0.242	0.378691895	0.212459476	0.690621572	0.347075686	0.22029738	0.510576426	0.0221671	0.221568966	0.008055172	4
0.312534286	0.272450944	0.345686295	0.178166683	0.656377482	0.343524504	0.158	0.528301475	0.047948666	0.156296845	0.025998981	4
0.261393267	0.236841806	0.381812578	0.209448539	0.702569885	0.344775731	0.207709655	0.510576426	0.0221671	0.221568966	0.008055172	4
0.262424358	0.233424358	0.417	0.124287821	0.653151283	0.332424358	0.143409613	0.513872386	0.013931443	0.143133333	0.013342857	4
0.411696282	0.454747286	0.308474498	0.116948996	0.64121948	0.092051004	0.275084238	0.483293045	0.024488812	0.282891304	-0.020980237	4
0.397269623	0.409269623	0.228904796	0.090095204	0.456793967	0.128984374	0.153690226	0.334181637	0.089840994	0.086964286	-0.116852747	4
0.259183337	0.260760526	0.338435956	0.223888615	0.749942973	0.100126309	0.292802629	0.517173965	0.033649456	0.330882728	0.028279981	4
0.403598532	0.40845257	0.334554772	0.127634949	0.361795595	0.123817621	0.06454743	0.518345743	0.009199128	0.066519608	0.002326154	4
0.38754767	0.434341458	0.31254767	0.126793787	0.592609797	0.072864755	0.264618638	0.49020567	0.038688443	0.275613566	-0.018079798	4
0.434548968	0.450576129	0.37360329	0.127918516	0.295559678	0.101630452	0.106559678	0.505023548	0.027441363	0.0945	0.003375824	4
0.465437951	0.443718976	0.20181265	0.107437951	0.76418735	0.305749398	0.283749398	0.516317534	0.047080092	0.245456522	0.017438735	4
0.345089748	0.348367716	0.294574011	0.102206295	0.754856653	0.282735432	0.205071673	0.501920395	0.02006264	0.21072354	0.004256655	4
0.259635143	0.235900346	0.383243238	0.213204393	0.691834452	0.346939191	0.226939191	0.510576426	0.0221671	0.221568966	0.008055172	4
0.366171865	0.392171865	0.262707928	0.136	0.476487979	0.225	0.059219948	0.459992449	0.031275294	0.066022727	-0.012444946	4
0.405730106	0.390026989	0.305484419	0.181433222	0.381136338	0.255974401	0.043701726	0.514961289	0.014778798	0.061735294	0.005607843	4
0.412786195	0.426924241	0.353179293	0.107427609	0.345282827	0.088255052	0.086420873	0.510260473	0.020270382	0.083500972	0.002963201	4
0.24232386	0.241590883	0.340534045	0.234420562	0.723204462	0.099346557	0.320948885	0.505445489	0.040175746	0.335310586	0.009996906	4
0.320032377	0.338409604	0.309705346	0.101844307	0.747172425	0.284213168	0.203565297	0.501275908	0.021846905	0.210482599	0.00440765	4
0.409028303	0.398540095	0.267893867	0.098462264	0.788228773	0.286693397	0.203900944	0.500957913	0.017305928	0.196867328	0.000944445	4
0.24048154	0.216084387	0.277834911	0.219221516	0.67874525	0.091036919	0.573135033	0.482640476	0.11240657	0.468274632	-0.08761514	4
0.305424593	0.275270785	0.360844695	0.143885018	0.633037828	0.343923346	0.156269288	0.502985909	0.017677354	0.155558256	0.005409738	4
0.452014965	0.489014965	0.238447624	0.135447624	0.527612235	0.286	0.169790495	0.554256759	0.05369903	0.180823529	0.058156863	4
0.40595243	0.413585729	0.348561944	0.119485626	0.32995243	0.142042608	0.062976215	0.518345743	0.009199128	0.066519608	0.002326154	4
0.212449754	0.247899508	0.259799017	0.096301475	0.788799017	0.206846804	0.153301475	0.496820074	0.016294517	0.158074074	-0.001880342	6
0.509419399	0.516024249	0.222346653	0.104419399	0.461136953	0.287	0.164911545	0.408492429	0.041998075	0.11025	-0.050165414	6
0.389873107	0.402799766	0.221	0.102486612	0.518026776	0.205100117	0.000366706	0.334181637	0.089840994	0.086964286	-0.116852747	6
0.207909088	0.231272736	0.277818184	0.099999992	0.807454536	0.186454536	0.16509092	0.496820074	0.016294517	0.158074074	-0.001880342	6
0.238918489	0.278571571	0.290693837	0.1	0.767163022	0.199816601	0.169653082	0.495269639	0.01450794	0.1838	-0.002867186	6
0.764993108	0.770979323	0.282711332	0.148979323	0.601436448	0.036	0.454140888	0.49903618	0.089099305	0.504954545	-0.004727273	6
0.44670832	0.45070832	0.227104194	0.121250011	0.739395829	0.382250011	0.13283337	0.491226516	0.030640145	0.166676227	0.001109747	6
0.356232968	0.36919414	0.25458242	0.10638828	0.500320151	0.29019414	0.125747259	0.55111673	0.039377912	0.173	0.063982418	6
0.217844534	0.243911737	0.268466398	0.103067203	0.783689068	0.197155466	0.158445338	0.496820074	0.016294517	0.158074074	-0.001880342	6
0.40349464	0.40624196	0.252967841	0.090231241	0.46598928	0.28974732	0.128021439	0.408492429	0.041998075	0.11025	-0.050165414	6
0.278619076	0.257380924	0.346524299	0.171063991	0.714189555	0.343	0.204142771	0.500681092	0.018305011	0.203257563	9.47E-07	6
0.464735023	0.454908526	0.116239747	0.104173502	0.516173502	0.268413249	0.309596198	0.509620087	0.137710048	0.266921053	0.014357895	6
0.404069489	0.406965255	0.255131383	0.091200872	0.466826277	0.289895766	0.126382192	0.408492429	0.041998075	0.11025	-0.050165414	6
0.214821103	0.251428137	0.265642205	0.096642205	0.784322623	0.219463308	0.147571863	0.496820074	0.016294517	0.158074074	-0.001880342	6
0.552992047	0.565888051	0.224516007	0.101139988	0.459272023	0.286275999	0.131807912	0.538412137	0.029624387	0.114871335	0.031485591	6
0.214888821	0.246444718	0.262555282	0.097296274	0.783407453	0.207148444	0.150703726	0.496820074	0.016294517	0.158074074	-0.001880342	6
0.286165267	0.332165267	0.369742351	0.090610678	0.605238152	0.086843131	0.300067187	0.498870363	0.03620156	0.285147059	-0.001960784	6
0.209093818	0.228109455	0.276953091	0.102937454	0.810655999	0.190109455	0.160906182	0.496820074	0.016294517	0.158074074	-0.001880342	6
0.280072379	0.325648978	0.383133884	0.092891431	0.621944498	0.085459591	0.29656816	0.498870363	0.03620156	0.285147059	-0.001960784	6
0.374076777	0.374107867	0.206795261	0.091758673	0.516630711	0.279738578	0.246497251	0.490120868	0.104318601	0.237580011	-0.008949814	6
0.57697951	0.605501368	0.215499544	0.140152551	0.677663708	0.037945583	0.213891166	0.579341739	0.18659961	0.227229167	0.084267826	6
0.516606098	0.51243714	0.117211197	0.104591353	0.510394235	0.266140798	0.220323503	0.509620087	0.137710048	0.266921053	0.014357895	6
0.360806946	0.369	0.222754854	0.106801158	0.510216206	0.28679537	0.113584951	0.553632388	0.050851384	0.17926788	0.05931523	6
0.464092813	0.474226839	0.21055671	0.077824761	0.480402078	0.286711342	0.116494891	0.588158456	0.056895885	0.122294118	0.064843137	6
0.415531229	0.405321404	0.207209824	0.076370527	0.480790176	0.284	0.116964213	0.588158456	0.056895885	0.122294118	0.064843137	6
0.292764922	0.263036442	0.352599318	0.18672848	0.630324478	0.35130464	0.20330132	0.496670688	0.023743043	0.189163899	-0.001175485	6
0.352169062	0.364242761	0.227484106	0.087252885	0.535526018	0.201221097	0.051872849	0.334181637	0.089840994	0.086964286	-0.116852747	6
0.381296089	0.391360645	0.268513347	0.09827871	0.464744879	0.28608504	0.078442581	0.408492429	0.041998075	0.11025	-0.050165414	6
0.391650347	0.403151505	0.19585081	0.109149961	0.53895027	0.283500386	0.187648804	0.54756298	0.066297442	0.193734836	0.051588707	6
0.436920874	0.440471424	0.236719787	0.129831872	0.740651648	0.393079126	0.129528576	0.496745563	0.02956828	0.165458104	0.003577883	6
0.263943264	0.222088185	0.308155759	0.148522949	0.634289843	0.332385253	0.113770506	0.519207059	0.030077892	0.134972737	0.020392461	6
0.287851267	0.355064084	0.366033454	0.125066908	0.592875452	0.072966546	0.363604996	0.53986965	0.076955073	0.363555556	0.051687424	6
0.449331159	0.480662317	0.228318111	0.076986952	0.530032619	0.286	0.201655794	0.460240165	0.053149375	0.192617647	-0.044666667	6
0.387351941	0.39567932	0.266654758	0.097993301	0.465668155	0.287336311	0.090706115	0.408492429	0.041998075	0.11025	-0.050165414	6
0.398076947	0.417703338	0.199	0.103923053	0.543626391	0.284274722	0.166318601	0.554256759	0.05369903	0.180823529	0.058156863	6
0.278581349	0.324020105	0.419510053	0.113336375	0.660877513	0.081561243	0.271786112	0.498870363	0.03620156	0.285147059	-0.001960784	6
0.369809755	0.380809755	0.272382927	0.098319512	0.468446342	0.285234146	0.071085366	0.408492429	0.041998075	0.11025	-0.050165414	6
0.506609446	0.562336491	0.262622334	0.100668986	0.667963271	0.091387589	0.460830273	0.476240218	0.068312494	0.373756849	-0.057224668	6
0.582330485	0.611913106	0.204596777	0.153353187	0.678157675	0.037942397	0.193107639	0.579341739	0.18659961	0.227229167	0.084267826	6
0.481383589	0.456191794	0.111599779	0.110513303	0.543661859	0.314358088	0.329043238	0.525566057	0.174539215	0.394317241	0.087290663	6
0.287280302	0.333808332	0.428988256	0.134796588	0.66	0.08047197	0.283292045	0.498870363	0.03620156	0.285147059	-0.001960784	6
0.436940516	0.466123764	0.231207522	0.078695385	0.521024273	0.285743932	0.195525472	0.460240165	0.053149375	0.192617647	-0.044666667	6
0.384606504	0.417121301	0.248070027	0.092150895	0.512485203	0.289797832	0.152646937	0.460240165	0.053149375	0.192617647	-0.044666667	6
0.212446686	0.186421326	0.373868011	0.180243807	0.617624204	0.364238618	0.16397464	0.493838722	0.01665111	0.167533333	-0.007142857	6
0.386558419	0.402110891	0.20910296	0.110776236	0.530675258	0.285110891	0.188324742	0.554256759	0.05369903	0.180823529	0.058156863	6
0.211636019	0.231075356	0.27568199	0.101242654	0.801334597	0.193075356	0.158363981	0.496820074	0.016294517	0.158074074	-0.001880342	6
0.364480803	0.373261891	0.265132951	0.089763897	0.471175931	0.284605158	0.081716906	0.408492429	0.041998075	0.11025	-0.050165414	6
0.751426412	0.764885721	0.309016737	0.204489436	0.594455962	0.06383112	0.458544038	0.500436439	0.08533092	0.506900686	-0.000850676	6
0.447344817	0.451344817	0.225785736	0.120704443	0.739623149	0.381704443	0.131014809	0.494741584	0.029957477	0.165900407	0.002681697	6
0.357435871	0.368740355	0.257166836	0.094608968	0.491355583	0.264208546	0.048817513	0.385865988	0.056565474	0.103159875	-0.070470634	6
0.414737269	0.405409247	0.207582006	0.07595064	0.48	0.284	0.102597938	0.588158456	0.056895885	0.122294118	0.064843137	6
0.363	0.375	0.270604417	0.118395583	0.515439756	0.291604417	0.155439756	0.55111673	0.039377912	0.173	0.063982418	6
0.419	0.403539841	0.12714143	0.13628286	0.530442225	0.276	0.33297412	0.509620087	0.137710048	0.266921053	0.014357895	6
0.417421429	0.419812245	0.269436735	0.145563265	0.75057449	0.390444898	0.152827551	0.469879399	0.034786008	0.171387807	-0.008436757	6
0.226371389	0.206685632	0.355257221	0.160971364	0.641857196	0.380457046	0.189171314	0.50921548	0.02186521	0.194225069	0.00487813	6
0.590542951	0.620356566	0.210547811	0.144243112	0.684876014	0.037192058	0.212384117	0.579341739	0.18659961	0.227229167	0.084267826	6
0.527461667	0.525598173	0.117915645	0.099421774	0.507253064	0.265084355	0.214421774	0.509620087	0.137710048	0.266921053	0.014357895	6
0.383964912	0.405399298	0.230358596	0.073956257	0.513836725	0.286	0.214685146	0.460240165	0.053149375	0.192617647	-0.044666667	6
0.444279714	0.432157944	0.116873062	0.106248708	0.51387823	0.27112177	0.350937989	0.509620087	0.137710048	0.266921053	0.014357895	6
0.215113099	0.251817465	0.266226198	0.097226198	0.783251971	0.220339297	0.147182535	0.496820074	0.016294517	0.158074074	-0.001880342	6
0.580973654	0.590551677	0.124237334	0.052641747	0.512248367	0.283210989	0.087114276	0.519448148	0.019228113	0.112041667	0.018769231	6
0.418130101	0.439130691	0.248609106	0.08397871	0.468086931	0.276130101	0.147	0.431515423	0.038709627	0.110846031	-0.039135894	6
0.465286513	0.475631191	0.210907798	0.078597155	0.481034036	0.28678156	0.118320549	0.588158456	0.056895885	0.122294118	0.064843137	6
0.400497179	0.420662279	0.20149906	0.104834901	0.54208255	0.28458349	0.163424032	0.554256759	0.05369903	0.180823529	0.058156863	6
0.600637261	0.63322086	0.208615128	0.142268153	0.694968471	0.038299682	0.199583599	0.579341739	0.18659961	0.227229167	0.084267826	6
0.418190286	0.422190286	0.245782749	0.117026965	0.764296614	0.313164087	0.135647924	0.531494999	0.022819527	0.157788462	0.019117949	6
0.265953407	0.241075495	0.377901208	0.183587143	0.66561044	0.344755824	0.20877912	0.502216749	0.024366025	0.2	0.001576355	6
0.210781489	0.248781489	0.285356298	0.099574809	0.800574809	0.18	0.175437022	0.495269639	0.01450794	0.1838	-0.002867186	6
0.424608804	0.449354176	0.223024887	0.071931716	0.541763883	0.285093172	0.146056151	0.460240165	0.053149375	0.192617647	-0.044666667	6
0.419252496	0.411518083	0.207183603	0.077809851	0.48	0.284	0.106980364	0.588158456	0.056895885	0.122294118	0.064843137	6
0.410021856	0.399031743	0.20799948	0.073997918	0.479996878	0.284001041	0.098	0.588158456	0.056895885	0.122294118	0.064843137	6
0.379064036	0.409948623	0.249	0.090884587	0.514820551	0.29	0.141775503	0.460240165	0.053149375	0.192617647	-0.044666667	6
0.205304781	0.24	0.281523906	0.092304781	0.799219125	0.177	0.175085656	0.496820074	0.016294517	0.158074074	-0.001880342	6
0.604184533	0.637007812	0.20722498	0.143610364	0.696598299	0.038012065	0.199823279	0.579341739	0.18659961	0.227229167	0.084267826	6
0.392352235	0.39907952	0.263454569	0.096193195	0.466068179	0.288136358	0.101306739	0.408492429	0.041998075	0.11025	-0.050165414	6
0.670336795	0.710032173	0.270818571	0.13166687	0.60696966	0.02775789	0.395790063	0.508239596	0.061716443	0.415546533	0.00957617	6
0.434998332	0.431151279	0.205	0.086615128	0.480692436	0.284	0.140001668	0.588158456	0.056895885	0.122294118	0.064843137	6
0.393305877	0.455145857	0.265434152	0.135844701	0.619519942	0.073114114	0.306798796	0.50915179	0.029516249	0.302725633	0.019502454	6
0.4448257	0.447929529	0.192405449	0.182306554	0.423646466	0.177844256	0.330882548	0.524234423	0.075676609	0.373038462	0.070197802	7
0.492844767	0.498044807	0.209643932	0.069222046	0.493844568	0.28264433	0.176689335	0.420023716	0.05115651	0.135367121	-0.080143299	7
0.223287982	0.187863945	0.372228798	0.181712018	0.635236734	0.342745578	0.16724467	0.517383199	0.029863179	0.147202336	0.018327127	7
0.475683953	0.418299793	0.228541815	0.152844563	0.629379728	0.518232417	0.203306442	0.467145156	0.064312549	0.272299359	-0.054639543	7
0.454795029	0.458823289	0.184204971	0.184102485	0.431243786	0.172551243	0.360402792	0.524234423	0.075676609	0.373038462	0.070197802	7
0.425191753	0.374740762	0.044605793	0.036666857	0.801139249	0.313934655	0.057222286	0.408111534	0.04226993	0.058125	-0.082857143	7
0.493210907	0.511718791	0.115608421	0.053374513	0.532516417	0.273054535	0.12349935	0.473753372	0.036691622	0.097228739	-0.015390031	7
0.336738046	0.28501113	0.279354287	0.126424361	0.54481925	0.544616241	0.194512777	0.541788309	0.073613546	0.293125	0.103300699	7
0.453969554	0.459303592	0.183930657	0.180299366	0.433236362	0.174498944	0.349839319	0.524234423	0.075676609	0.373038462	0.070197802	7
0.482714606	0.499943369	0.137056631	0.161413934	0.449514158	0.159899776	0.386614382	0.524234423	0.075676609	0.373038462	0.070197802	7
0.431877114	0.45786439	0.327392656	0.16038702	0.375925107	0.199436464	0.071785312	0.524400815	0.011936962	0.064801067	0.008052437	7
0.430112175	0.420149566	0.305492173	0.186663864	0.298127442	0.28049256	0.095149566	0.528617689	0.022636585	0.073033757	0.016659375	7
0.384405081	0.331834845	0.219900185	0.117321962	0.742884572	0.328958621	0.115049366	0.509659049	0.03265183	0.123650846	0.011891427	7
0.462539342	0.473168818	0.16658222	0.064831182	0.513899877	0.280370524	0.138662364	0.439024486	0.038312065	0.102204811	-0.034681831	7
0.227726483	0.206571124	0.37242232	0.17380744	0.652986888	0.353540479	0.211986888	0.500603477	0.022880442	0.193748224	-0.000102615	7
0.458246904	0.462766448	0.17	0.18416873	0.434662539	0.170792183	0.368454722	0.524234423	0.075676609	0.373038462	0.070197802	7
0.433062389	0.433493064	0.20172704	0.184349221	0.41117244	0.182019065	0.305684569	0.524234423	0.075676609	0.373038462	0.070197802	7
0.455706075	0.473250204	0.111735222	0.060874898	0.54245587	0.273	0.122088259	0.46510223	0.035163806	0.095333333	-0.021457143	7
0.506125293	0.526552401	0.131135539	0.143583138	0.437291569	0.145010245	0.396135539	0.524234423	0.075676609	0.373038462	0.070197802	7
0.46699265	0.472358458	0.216707728	0.078090074	0.497373158	0.286088236	0.145994487	0.418794577	0.040754339	0.107535387	-0.044940933	7
0.42849315	0.436136985	0.13047032	0.086673517	0.560015983	0.281495434	0.120392694	0.457165169	0.036153472	0.09015135	-0.030008285	7
0.487472745	0.486951335	0.166506399	0.100340654	0.762734712	0.308875968	0.220570075	0.51649461	0.047264556	0.245787919	0.018035659	7
0.222682704	0.199747188	0.371532242	0.173510747	0.63755886	0.355914022	0.19655886	0.498117777	0.020591482	0.184115596	-0.002689543	7
0.610328091	0.638319159	0.157738835	0.171694175	0.564595922	0.071401812	0.278674175	0.556339339	0.140299129	0.288091571	0.078394843	7
0.479229316	0.497562992	0.111665294	0.055330587	0.539332647	0.272222108	0.119	0.46510223	0.035163806	0.095333333	-0.021457143	7
0.546849155	0.480839058	0.104510441	0.143126597	0.603815497	0.418896964	0.29217104	0.538735245	0.070433104	0.2874112	0.093008823	7
0.47488439	0.488157778	0.146816531	0.168440379	0.443598157	0.163051382	0.380247697	0.524234423	0.075676609	0.373038462	0.070197802	7
0.485970535	0.497913445	0.205114181	0.088084716	0.47905893	0.287	0.16499816	0.588158456	0.056895885	0.122294118	0.064843137	7
0.474991809	0.495071883	0.22724022	0.14098599	0.488441858	0.280859144	0.179444768	0.58038205	0.050630157	0.123653471	0.069342283	7
0.331819441	0.277488556	0.273857022	0.125556372	0.537007347	0.544037581	0.211872563	0.541788309	0.073613546	0.293125	0.103300699	7
0.497454716	0.516751697	0.104248303	0.05	0.538	0.272	0.116624152	0.46510223	0.035163806	0.095333333	-0.021457143	7
0.473272518	0.481454221	0.1885463	0.06527289	0.501726887	0.282818297	0.143182075	0.429077428	0.039512932	0.104825858	-0.039726237	7
0.566529196	0.490065337	0.034793574	0.161112872	0.7421094	0.30553614	0.043636639	0.408111534	0.04226993	0.058125	-0.082857143	7
0.406732915	0.3352211	0.174492402	0.158648103	0.515300422	0.513164134	0.354643886	0.541788309	0.073613546	0.293125	0.103300699	7
0.630037907	0.660016519	0.160223266	0.184116328	0.598881065	0.056163971	0.239917057	0.565466692	0.158671162	0.263941366	0.080725243	7
0.296543252	0.257117542	0.30684944	0.151618314	0.671664318	0.345579793	0.14662932	0.507783569	0.024031745	0.149634937	0.007993169	7
0.49658419	0.46494655	0.178345545	0.136229863	0.587426095	0.337975153	0.648471512	0.55407959	0.211574462	0.618917346	0.214393872	7
0.432424202	0.469139362	0.291957184	0.207643079	0.506982969	0.242934036	0.14323111	0.553447475	0.030027681	0.109138972	0.058792326	7
0.447590191	0.392393599	0.130188487	0.16101621	0.672020262	0.322118766	0.1008484	0.410213747	0.042007807	0.059497502	-0.080592284	7
0.506625289	0.510796596	0.193099898	0.078219129	0.493246971	0.278067801	0.175816576	0.426910293	0.056626	0.150367265	-0.09804633	7
0.453117877	0.47302679	0.257892839	0.154592788	0.51733658	0.278556259	0.16194642	0.485878349	0.039765826	0.118331466	0.013953707	7
0.492653881	0.50594085	0.206860906	0.104846674	0.46453013	0.286021904	0.182433734	0.586919854	0.055897899	0.122510632	0.065559747	7
0.449653677	0.478966162	0.293005131	0.131723919	0.425455778	0.209815172	0.096635475	0.543830074	0.023963823	0.081361548	0.024307748	7
0.353484915	0.302751042	0.277587687	0.129568555	0.557889134	0.542339711	0.185018151	0.534369918	0.072689169	0.291055249	0.087603849	7
0.488094458	0.501531829	0.180481182	0.088177962	0.479644075	0.283646134	0.168626287	0.558678874	0.051689707	0.115835341	0.044168879	7
0.491218469	0.504087838	0.189379882	0.09205931	0.47188138	0.284971472	0.174306308	0.57032824	0.053747018	0.118387639	0.052338669	7
0.515843779	0.522928157	0.179287067	0.066236319	0.497721492	0.273173036	0.198970346	0.432576268	0.061126058	0.162708729	-0.112776163	7
0.463473535	0.481387438	0.110348857	0.057588331	0.540823337	0.273200894	0.123860973	0.466868031	0.035475651	0.095720208	-0.020218773	7
0.421229879	0.373841105	0.174960794	0.165	0.663356995	0.331579447	0.121980397	0.408111534	0.04226993	0.058125	-0.082857143	7
0.434885154	0.434868747	0.20209844	0.186327864	0.41190156	0.180721355	0.314360409	0.524234423	0.075676609	0.373038462	0.070197802	7
0.450319361	0.441353863	0.223272883	0.095692615	0.523431708	0.299727117	0.150325349	0.408401631	0.04206288	0.097824422	-0.057958481	7
0.555266472	0.501317314	0.04649589	0.134622233	0.695046666	0.297157961	0.058396991	0.421654663	0.040581248	0.066967097	-0.068266198	7
0.509738596	0.530466813	0.132641082	0.141174269	0.436087135	0.142902486	0.397641082	0.524234423	0.075676609	0.373038462	0.070197802	7
0.653996482	0.713826145	0.221303663	0.213382771	0.51360159	0.077191711	0.501476867	0.508303669	0.084162664	0.456438035	0.022828906	7
0.434498398	0.381646117	0.152326262	0.165	0.670381505	0.327676942	0.110663131	0.408111534	0.04226993	0.058125	-0.082857143	7
0.480727049	0.493758222	0.154974718	0.166005891	0.445335297	0.161304124	0.385764114	0.524234423	0.075676609	0.373038462	0.070197802	7
0.33210817	0.277930142	0.274179719	0.125607324	0.537465916	0.544071549	0.210853519	0.541788309	0.073613546	0.293125	0.103300699	7
0.434453176	0.382925062	0.028361159	0.025453176	0.817686529	0.311367972	0.048367972	0.408111534	0.04226993	0.058125	-0.082857143	7
0.54931758	0.560329395	0.122164698	0.045258505	0.51302363	0.262670605	0.2464121	0.455665025	0.079463723	0.213	-0.1728	7
0.302789512	0.262092134	0.311870206	0.149454605	0.568284464	0.501053131	0.186207801	0.531638558	0.057115087	0.261918828	0.071962419	7
0.497829185	0.517456148	0.130119111	0.149424741	0.440865185	0.150051704	0.39269437	0.524234423	0.075676609	0.373038462	0.070197802	7
0.407410173	0.352364638	0.19718001	0.144318747	0.710090005	0.328136251	0.113590538	0.475338138	0.035902544	0.101504497	-0.020131585	7
0.487	0.468298733	0.185378831	0.11773396	0.722728238	0.375066613	0.215163465	0.498455367	0.052386336	0.253551584	-0.010049064	7
0.618777231	0.565672974	0.160116115	0.115734595	0.75514929	0.627608956	0.282938379	0.46183884	0.063263864	0.270146046	-0.066397644	7
0.278523725	0.240233492	0.325447904	0.149443719	0.579762323	0.454737216	0.17665721	0.518393373	0.045821178	0.231847954	0.049414521	7
0.417076924	0.38666667	0.173598287	0.144388884	0.632952986	0.320183758	0.126735042	0.421019686	0.040660423	0.06655253	-0.068950302	7
0.466580335	0.475547916	0.157581048	0.17612932	0.438677235	0.166742073	0.374096544	0.524234423	0.075676609	0.373038462	0.070197802	7
0.244226506	0.218169879	0.357307021	0.18479435	0.597061114	0.431888201	0.191256336	0.515664568	0.031149305	0.212805597	0.022641273	7
0.223072813	0.19620063	0.372690938	0.192982191	0.613181245	0.386983766	0.180019385	0.513774398	0.025059479	0.175968795	0.011074028	7
0.453906117	0.457132647	0.177734707	0.185773471	0.429519382	0.172160206	0.36119897	0.524234423	0.075676609	0.373038462	0.070197802	7
0.435112551	0.4705308	0.273254749	0.222585089	0.542432239	0.26920213	0.17269597	0.565620316	0.038736102	0.126233894	0.077882886	7
0.477475377	0.482675712	0.220259798	0.075011893	0.494013568	0.286662144	0.147461809	0.416277462	0.04105822	0.108198646	-0.046217425	7
0.555341066	0.564635735	0.123	0.061844526	0.506294668	0.259023199	0.233426943	0.455665025	0.079463723	0.213	-0.1728	7
0.612602959	0.555766121	0.154326324	0.120085047	0.733326557	0.611213084	0.28626947	0.470096336	0.064680285	0.273122746	-0.048395031	7
0.481024511	0.484626962	0.229339766	0.07711734	0.488581434	0.286665502	0.158928187	0.412044827	0.044819477	0.117987731	-0.059400581	7
0.507519729	0.507480271	0.195101917	0.11164239	0.461351296	0.30588974	0.211002029	0.582470664	0.058946484	0.143248344	0.069560366	7
0.430583226	0.453428203	0.327515883	0.163960614	0.367114347	0.205536221	0.072031767	0.523677131	0.012154832	0.064566029	0.007865022	7
0.21740016	0.193100239	0.371020048	0.181160383	0.609639936	0.376320766	0.177820367	0.499383955	0.018531441	0.177159023	-0.002807796	7
0.481031667	0.48713889	0.211497219	0.073699444	0.496321668	0.285892777	0.14450611	0.418839444	0.040748922	0.107523564	-0.044918179	7
0.501444799	0.488974458	0.159246345	0.137659217	0.531518231	0.266761383	0.557241302	0.543222685	0.162138316	0.529472927	0.161939048	7
0.452363927	0.458249384	0.177809917	0.178055241	0.430893577	0.17446629	0.342609251	0.524234423	0.075676609	0.373038462	0.070197802	7
0.496888511	0.516404806	0.130451114	0.15014408	0.441418523	0.150660375	0.392307034	0.524234423	0.075676609	0.373038462	0.070197802	7
0.493330988	0.486348281	0.160389703	0.104562036	0.747055296	0.319730949	0.227634427	0.518688934	0.04955043	0.249894589	0.025432721	7
0.53688863	0.557785846	0.146944315	0.129952901	0.443486079	0.127364038	0.412841531	0.524234423	0.075676609	0.373038462	0.070197802	7
0.458020903	0.469846822	0.116966555	0.06775485	0.553651087	0.279074499	0.123597492	0.459426986	0.035871448	0.091628055	-0.027571474	7
0.454064812	0.457331015	0.177337971	0.185733797	0.429697913	0.172100696	0.361496522	0.524234423	0.075676609	0.373038462	0.070197802	7
0.507341787	0.480558434	0.147675302	0.117629549	0.696194042	0.353090962	0.248478502	0.524952886	0.056075723	0.261617556	0.046548499	7
0.430460479	0.408111472	0.161063234	0.127285366	0.61814248	0.312698216	0.126904743	0.428013231	0.039788403	0.071118506	-0.061415675	7
0.73916338	0.82408169	0.27308169	0.255562576	0.55316338	0.037644266	0.574961773	0.49903618	0.089099305	0.504954545	-0.004727273	7
0.496617338	0.508514449	0.203411559	0.098823118	0.458662433	0.287	0.184543346	0.588158456	0.056895885	0.122294118	0.064843137	7
0.459386766	0.477160938	0.110354963	0.058919531	0.542225827	0.273	0.122548346	0.46510223	0.035163806	0.095333333	-0.021457143	7
0.486371164	0.5030944	0.222628836	0.133515557	0.46923257	0.282817635	0.192276764	0.582862164	0.052628474	0.123219935	0.067907379	7
0.449734487	0.383819949	0.154175487	0.147829076	0.558314171	0.484436437	0.405177918	0.550786069	0.143935266	0.447627826	0.16528302	7
0.504213702	0.524045422	0.094346239	0.05058898	0.53833656	0.27208414	0.11200968	0.46510223	0.035163806	0.095333333	-0.021457143	7
0.45698951	0.461252312	0.215735955	0.074	0.491182609	0.286413941	0.150858109	0.417642198	0.040893461	0.107839038	-0.045525333	7
0.466347712	0.483739037	0.118535906	0.061159278	0.533681443	0.274420241	0.129086749	0.477585769	0.037368434	0.098068392	-0.012702341	7
0.603521316	0.648922715	0.189493503	0.183473516	0.483015655	0.099675051	0.463939205	0.514317127	0.080959392	0.424956799	0.04070947	7
0.487	0.429533429	0.223475768	0.154494162	0.637177223	0.514087013	0.205137956	0.461429409	0.063385492	0.270331599	-0.067027712	7
0.233075114	0.192060398	0.362969033	0.178216122	0.619186691	0.360801666	0.154247089	0.523902591	0.035767989	0.147934897	0.031414832	7
0.480104442	0.468241551	0.179085452	0.15983859	0.51562665	0.251778565	0.508869328	0.53859937	0.141086376	0.491383824	0.139601632	7
0.486255947	0.42829644	0.224298633	0.154858276	0.635564704	0.516146786	0.204888645	0.461329236	0.06358785	0.270676702	-0.066945665	7
0.480306666	0.486040403	0.214682833	0.074336567	0.495201211	0.286266263	0.14540687	0.417595741	0.04089907	0.10785128	-0.045548893	7
0.42447659	0.432491167	0.328097468	0.18082656	0.325531068	0.234324645	0.073194935	0.520261634	0.013183092	0.063456742	0.006980496	7
0.471043511	0.474724681	0.241821205	0.131583423	0.398687144	0.284535162	0.149724681	0.565606057	0.043919408	0.103635654	0.046592458	7
0.474485278	0.490397046	0.141715642	0.071269588	0.513460823	0.277872542	0.143882324	0.507930564	0.042727411	0.104716731	0.008578698	7
0.543113727	0.487400887	0.120893893	0.13935642	0.551723643	0.401032412	0.278675992	0.55218771	0.069864288	0.254812876	0.094675848	7
0.457730753	0.455549979	0.264191691	0.11584106	0.421952504	0.286121792	0.1298378	0.439136379	0.034163801	0.09628646	-0.034112712	7
0.447625205	0.477931227	0.298055611	0.134290557	0.42226818	0.205385652	0.092826916	0.541286136	0.022073902	0.07901249	0.021981484	7
0.612166244	0.641261448	0.154238009	0.182174419	0.580713665	0.068143167	0.251937134	0.561409835	0.150505299	0.274675468	0.079689444	7
0.22922544	0.208971931	0.373	0.179830698	0.648803519	0.366196481	0.214648251	0.504227254	0.023812162	0.198946129	0.002598088	7
0.451802937	0.454503671	0.182992658	0.186299266	0.427153304	0.172948899	0.357255507	0.524234423	0.075676609	0.373038462	0.070197802	7
0.428286021	0.435239426	0.131252808	0.08772067	0.561339308	0.282197372	0.120507766	0.456509367	0.036235243	0.089723187	-0.030714826	7
0.262499614	0.229146517	0.335679805	0.156880645	0.615065805	0.417395938	0.229190129	0.515765541	0.041227741	0.231884799	0.036405459	7
0.462431691	0.471338754	0.180038575	0.066661246	0.507333175	0.282092938	0.142322493	0.432930393	0.03904778	0.103810603	-0.0377723	7
0.43708886	0.471746991	0.270974392	0.218541256	0.53975662	0.269779821	0.173030422	0.566351868	0.03932554	0.126106015	0.077459636	7
0.472098473	0.493291368	0.230578685	0.146906202	0.492358991	0.2800134	0.178955126	0.57931105	0.049767215	0.123840687	0.069961924	7
0.481160464	0.495282083	0.145165548	0.164635143	0.449287167	0.161226357	0.386652024	0.524234423	0.075676609	0.373038462	0.070197802	7
0.624133522	0.654205647	0.156680311	0.187384663	0.598298237	0.059350881	0.234189742	0.565896125	0.159535547	0.262805125	0.080834886	7
0.502512799	0.449458821	0.19502977	0.126	0.646703116	0.415539789	0.753631881	0.566923939	0.270060298	0.724735294	0.27645098	7
0.481207068	0.499813971	0.109	0.052751684	0.539572391	0.272393098	0.120572391	0.46510223	0.035163806	0.095333333	-0.021457143	7
0.355869156	0.305005529	0.276630747	0.130022696	0.559283996	0.54186935	0.185374976	0.533058287	0.072525732	0.2906893	0.084828519	7
0.491336485	0.478622773	0.141040743	0.154401238	0.520501631	0.26522371	0.422361583	0.539980937	0.147377244	0.502765839	0.146276633	7
0.445214625	0.394443398	0.156785375	0.164179245	0.676441039	0.328049528	0.111148583	0.408111534	0.04226993	0.058125	-0.082857143	7
0.297437757	0.257866556	0.306165089	0.151386605	0.672321725	0.345423524	0.146376057	0.507934687	0.024111727	0.149440976	0.008157195	7
0.495420601	0.432574908	0.011846691	0.059306119	0.808269787	0.305654057	0.047846192	0.408111534	0.04226993	0.058125	-0.082857143	7
0.217319131	0.192490589	0.370585729	0.173195243	0.621152635	0.358438056	0.180152635	0.495474473	0.018157393	0.173872222	-0.005440492	7
0.504951111	0.525118468	0.134277548	0.144828506	0.43888567	0.145995862	0.395669425	0.524234423	0.075676609	0.373038462	0.070197802	7
0.626588089	0.656218821	0.159788415	0.181942073	0.592880121	0.058831057	0.246700733	0.563869128	0.155455497	0.268168387	0.080317352	7
0.512708208	0.533683892	0.13387842	0.139194528	0.435097264	0.141170212	0.39887842	0.524234423	0.075676609	0.373038462	0.070197802	7
0.465855504	0.486718697	0.230880522	0.138051989	0.504753356	0.280263974	0.166190749	0.579628362	0.050022884	0.12378522	0.06977834	7
0.543610509	0.471569608	0.031291557	0.134610509	0.758345965	0.306239775	0.043239775	0.408111534	0.04226993	0.058125	-0.082857143	7
0.476322115	0.488857988	0.149987796	0.169094675	0.451928255	0.164511465	0.384893121	0.524234423	0.075676609	0.373038462	0.070197802	7
0.214460714	0.188691071	0.370138214	0.174105714	0.610815714	0.362211428	0.171059643	0.494590089	0.016905891	0.168837593	-0.006555466	7
0.502021627	0.522106763	0.129425678	0.146318915	0.438659458	0.147404051	0.394425678	0.524234423	0.075676609	0.373038462	0.070197802	7
0.47949778	0.498017145	0.103364444	0.058883809	0.540220952	0.272370159	0.11396127	0.46510223	0.035163806	0.095333333	-0.021457143	7
0.506809841	0.526748014	0.093432785	0.050370959	0.53809274	0.272015457	0.111123653	0.46510223	0.035163806	0.095333333	-0.021457143	7
0.491300886	0.431795576	0.215828316	0.154784956	0.630838937	0.510623892	0.212096462	0.466716677	0.064259158	0.272179812	-0.055546178	7
0.466720869	0.475295396	0.159135499	0.176994578	0.444436317	0.168140921	0.376720869	0.524234423	0.075676609	0.373038462	0.070197802	7
0.463800284	0.481200071	0.11093402	0.058433843	0.54940263	0.274167081	0.126234483	0.466810014	0.035561157	0.100339218	-0.020160153	7
0.466016838	0.476035479	0.175311483	0.175144619	0.452237822	0.165325618	0.376670777	0.523041106	0.074422696	0.369447134	0.067004995	7
0.421973388	0.426559028	0.223874979	0.177180567	0.425402752	0.166949097	0.291002321	0.519412921	0.070610275	0.358527992	0.057297524	7
0.515405471	0.460994369	0.145494769	0.126	0.639238938	0.429111022	0.568384548	0.566923939	0.270060298	0.724735294	0.27645098	7
0.383043159	0.319515309	0.214130946	0.147291775	0.528478421	0.524708225	0.2912228	0.541788309	0.073613546	0.293125	0.103300699	7
0.473763627	0.484401123	0.163896604	0.1725341	0.447511367	0.16587387	0.382935223	0.524234423	0.075676609	0.373038462	0.070197802	7
0.466119986	0.468436908	0.235267688	0.07558461	0.482901532	0.289	0.15541539	0.408492429	0.041998075	0.11025	-0.050165414	7
0.425406811	0.374881377	0.045457753	0.03793239	0.799915073	0.314033913	0.05764413	0.408111534	0.04226993	0.058125	-0.082857143	7
0.465873035	0.484000726	0.107978476	0.056553083	0.541744619	0.272936155	0.122233857	0.46510223	0.035163806	0.095333333	-0.021457143	7
0.505238212	0.440854838	0.189347397	0.154088089	0.614114145	0.493202235	0.23509305	0.485501496	0.066599863	0.277420828	-0.015798675	7
0.483187981	0.465531774	0.181608348	0.15507312	0.534127888	0.274764952	0.544376755	0.542588304	0.159249705	0.524246586	0.158874052	7
0.465915295	0.484012471	0.109	0.056319765	0.541611294	0.272902824	0.122611294	0.46510223	0.035163806	0.095333333	-0.021457143	7
0.494354111	0.429039248	0.092885715	0.163460029	0.702794516	0.316685137	0.077670419	0.408111534	0.04226993	0.058125	-0.082857143	7
0.484462908	0.496711562	0.205726069	0.088432246	0.481666392	0.286811023	0.163089515	0.587919147	0.056703065	0.12233595	0.064981592	7
0.534687818	0.46010807	0.106506301	0.150540924	0.572614371	0.444926553	0.309984789	0.541788309	0.073613546	0.293125	0.103300699	7
0.302768882	0.26687376	0.310382855	0.152806505	0.696716924	0.341884923	0.174314636	0.511689275	0.027799388	0.167024107	0.012038403	7
0.555877373	0.562490508	0.123	0.074179581	0.503613135	0.260632119	0.216801435	0.455665025	0.079463723	0.213	-0.1728	7
0.462075356	0.470705348	0.165776189	0.174888471	0.440816125	0.170666165	0.361187638	0.524234423	0.075676609	0.373038462	0.070197802	7
0.475640369	0.478762779	0.24396408	0.13660141	0.390644928	0.284576126	0.160732936	0.565980867	0.044135071	0.103945748	0.046895775	7
0.43451242	0.470809936	0.31242172	0.173396305	0.446842292	0.206181401	0.101049108	0.537831268	0.019057523	0.083683595	0.029509659	7
0.530822898	0.484177102	0.144870642	0.135463407	0.521939535	0.385638363	0.265893938	0.558457967	0.067603695	0.23171281	0.089475546	7
0.481154979	0.499788367	0.227845021	0.142698981	0.476652776	0.281421755	0.190366612	0.581094506	0.051204208	0.123528931	0.068930082	7
0.579509047	0.612328655	0.173020494	0.151639217	0.465542189	0.108033143	0.443405188	0.519430659	0.078235496	0.398186792	0.055914172	7
0.445012381	0.446442721	0.193417959	0.186810113	0.420582041	0.175898866	0.34136635	0.524234423	0.075676609	0.373038462	0.070197802	7
0.485634215	0.489697636	0.222713317	0.075676808	0.489791481	0.284879242	0.164229347	0.414762973	0.046978297	0.123908319	-0.066466945	7
0.416821948	0.40624668	0.328826481	0.201967952	0.273406601	0.270410815	0.074652962	0.515980322	0.014472011	0.062066256	0.005871746	7
0.507136109	0.527647451	0.131556712	0.142909261	0.43695463	0.144420603	0.396556712	0.524234423	0.075676609	0.373038462	0.070197802	7
0.433337756	0.406757393	0.205115238	0.115045489	0.748452995	0.319534875	0.171352919	0.519108576	0.039263443	0.188324759	0.020376601	7
0.467840916	0.482210229	0.12069888	0.065673307	0.58677847	0.280059669	0.142565368	0.475432604	0.037567378	0.125613904	-0.013611657	7
0.477147439	0.497248377	0.231852561	0.149754509	0.482353643	0.280349315	0.188899062	0.579736432	0.05010996	0.123766328	0.069715814	7
0.512921325	0.533219358	0.134960662	0.141337371	0.440490166	0.141145238	0.400258696	0.524234423	0.075676609	0.373038462	0.070197802	7
0.460627499	0.467585426	0.177759879	0.178837866	0.440219085	0.17206311	0.363642377	0.524234423	0.075676609	0.373038462	0.070197802	7
0.531930732	0.453700694	0.116709674	0.152879957	0.558610262	0.448809621	0.310049706	0.541788309	0.073613546	0.293125	0.103300699	7
0.522463864	0.543463864	0.139069927	0.135282053	0.438041956	0.135592077	0.404407923	0.524234423	0.075676609	0.373038462	0.070197802	7
0.434122085	0.470497668	0.308596435	0.179797802	0.458083945	0.2130513	0.108933878	0.540750291	0.021108094	0.088441781	0.034983252	7
0.473184655	0.41593651	0.229544934	0.152368506	0.627917553	0.518725476	0.202932397	0.468520083	0.064483874	0.272682968	-0.051730284	7
0.286863298	0.246984574	0.319689628	0.146399114	0.575724911	0.466981826	0.177517642	0.521567016	0.049591356	0.2401605	0.056724458	7
0.522222037	0.466503192	0.122993616	0.126826672	0.634059117	0.434964058	0.481314737	0.566020507	0.262999555	0.709222239	0.270227565	7
0.486571146	0.502295931	0.140756844	0.159825648	0.446481628	0.157619236	0.38865598	0.524234423	0.075676609	0.373038462	0.070197802	7
0.486961653	0.498729257	0.157487107	0.060976529	0.511930744	0.279775041	0.132038347	0.439211434	0.038289496	0.102155551	-0.034587025	7
0.53653835	0.55083068	0.113690304	0.042151954	0.521590449	0.265578871	0.212311142	0.458369174	0.066769969	0.179283646	-0.129434028	7
0.481965844	0.421509175	0.029636667	0.072965844	0.791857494	0.309135833	0.046135833	0.408111534	0.04226993	0.058125	-0.082857143	7
0.381006508	0.32828101	0.241352987	0.131067509	0.730742982	0.331091501	0.123183001	0.518412692	0.031822727	0.129299333	0.020058984	7
0.388531276	0.424112045	0.311966396	0.128240891	0.533070039	0.07233239	0.263269838	0.492658056	0.04249682	0.278008331	-0.014287059	7
0.385854181	0.334450776	0.23342043	0.13620898	0.719872441	0.331532198	0.124064397	0.501699793	0.033405693	0.118514955	0.00446507	7
0.391886291	0.342128007	0.223549705	0.142606672	0.706345893	0.332080572	0.125161144	0.480903418	0.035375428	0.10509562	-0.014938919	7
0.498839971	0.51858585	0.129762363	0.148651787	0.440270605	0.149397666	0.393110576	0.524234423	0.075676609	0.373038462	0.070197802	7
0.630818267	0.684783482	0.205853052	0.193452673	0.491297917	0.085346191	0.505296024	0.512195793	0.082089392	0.43606226	0.034401842	7
0.55666156	0.591151966	0.162580941	0.171150677	0.466140761	0.122239278	0.433101096	0.518438665	0.078763916	0.403380012	0.052964552	7
0.469474631	0.487690452	0.109	0.055489253	0.541136716	0.272784179	0.122136716	0.46510223	0.035163806	0.095333333	-0.021457143	7
0.41253851	0.425868671	0.248727829	0.163373429	0.455778457	0.140255295	0.283178276	0.511864687	0.062678748	0.335811329	0.037101676	7